Team/Stat,Median of Goals,Mean of Goals,Std of Goals,Median of Assists,Mean of Assists,Std of Assists,Median of Yellow Cards,Mean of Yellow Cards,Std of Yellow Cards,Median of Red Cards,Mean of Red Cards,Std of Red Cards,Median of xG,Mean of xG,Std of xG,Median of xAG,Mean of xAG,Std of xAG,Median of PrgC,Mean of PrgC,Std of PrgC,Median of PrgP,Mean of PrgP,Std of PrgP,Median of PrgR,Mean of PrgR,Std of PrgR,Median of Gls/90,Mean of Gls/90,Std of Gls/90,Median of Ast/90,Mean of Ast/90,Std of Ast/90,Median of xG/90,Mean of xG/90,Std of xG/90,Median of xAG/90,Mean of xAG/90,Std of xAG/90,Median of GA90,Mean of GA90,Std of GA90,Median of Save%,Mean of Save%,Std of Save%,Median of CS%,Mean of CS%,Std of CS%,Median of PK Save%,Mean of PK Save%,Std of PK Save%,Median of SoT%,Mean of SoT%,Std of SoT%,Median of SoT/90,Mean of SoT/90,Std of SoT/90,Median of G/Sh,Mean of G/Sh,Std of G/Sh,Median of Dist,Mean of Dist,Std of Dist,Median of Cmp,Mean of Cmp,Std of Cmp,Median of Cmp%,Mean of Cmp%,Std of Cmp%,Median of TotDist,Mean of TotDist,Std of TotDist,Median of KP,Mean of KP,Std of KP,Median of 1/3,Mean of 1/3,Std of 1/3,Median of PPA,Mean of PPA,Std of PPA,Median of CrsPA,Mean of CrsPA,Std of CrsPA,Median of PrgP.1,Mean of PrgP.1,Std of PrgP.1,Median of Short Cmp%,Mean of Short Cmp%,Std of Short Cmp%,Median of Medium Cmp%,Mean of Medium Cmp%,Std of Medium Cmp%,Median of Long Cmp%,Mean of Long Cmp%,Std of Long Cmp%,Median of SCA,Mean of SCA,Std of SCA,Median of SCA90,Mean of SCA90,Std of SCA90,Median of GCA,Mean of GCA,Std of GCA,Median of GCA90,Mean of GCA90,Std of GCA90,Median of Tkl,Mean of Tkl,Std of Tkl,Median of TklW,Mean of TklW,Std of TklW,Median of Att,Mean of Att,Std of Att,Median of Lost,Mean of Lost,Std of Lost,Median of Blocks,Mean of Blocks,Std of Blocks,Median of Sh,Mean of Sh,Std of Sh,Median of Pass,Mean of Pass,Std of Pass,Median of Int,Mean of Int,Std of Int,Median of Touches,Mean of Touches,Std of Touches,Median of Def Pen,Mean of Def Pen,Std of Def Pen,Median of Def 3rd,Mean of Def 3rd,Std of Def 3rd,Median of Mid 3rd,Mean of Mid 3rd,Std of Mid 3rd,Median of Att 3rd,Mean of Att 3rd,Std of Att 3rd,Median of Att Pen,Mean of Att Pen,Std of Att Pen,Median of Att (Take-Ons),Mean of Att (Take-Ons),Std of Att (Take-Ons),Median of Succ% (Take-Ons),Mean of Succ% (Take-Ons),Std of Succ% (Take-Ons),Median of Tkld% (Take-Ons),Mean of Tkld% (Take-Ons),Std of Tkld% (Take-Ons),Median of Carries,Mean of Carries,Std of Carries,Median of PrgDist,Mean of PrgDist,Std of PrgDist,Median of ProgC,Mean of ProgC,Std of ProgC,Median of 1/3 (Carries),Mean of 1/3 (Carries),Std of 1/3 (Carries),Median of CPA,Mean of CPA,Std of CPA,Median of Mis,Mean of Mis,Std of Mis,Median of Dis,Mean of Dis,Std of Dis,Median of Rec,Mean of Rec,Std of Rec,Median of PrgR.1,Mean of PrgR.1,Std of PrgR.1,Median of Fls,Mean of Fls,Std of Fls,Median of Fld,Mean of Fld,Std of Fld,Median of Off,Mean of Off,Std of Off,Median of Crs,Mean of Crs,Std of Crs,Median of Recov,Mean of Recov,Std of Recov,Median of Won (Aerial),Mean of Won (Aerial),Std of Won (Aerial),Median of Lost (Aerial),Mean of Lost (Aerial),Std of Lost (Aerial),Median of Won% (Aerial),Mean of Won% (Aerial),Std of Won% (Aerial)
Southampton,0.0,0.7931034482758621,1.0816426114554918,0.0,0.4827586206896552,0.8289705171033531,2.0,2.7241379310344827,2.8895940362932095,0.0,0.10344827586206896,0.40925259281898757,0.4,1.0241379310344827,1.3694772653445424,0.5,0.7724137931034484,0.8688648389562005,10.0,19.82758620689655,26.015200179781218,23.0,34.93103448275862,37.726393787073526,19.0,33.89655172413793,36.66678608728127,0.0,0.05172413793103449,0.08062563246782899,0.0,0.042413793103448276,0.09803990340722762,0.04,0.07689655172413792,0.08932698553532177,0.04,0.05413793103448277,0.05760191225616128,2.33,2.4166666666666665,0.15885003409925147,0.677,0.6766666666666667,0.026501572280401245,0.0,0.02666666666666667,0.046188021535170064,0.14300000000000002,0.14300000000000002,0.20223253941935262,0.28,0.25164000000000003,0.21984897846779577,0.1,0.21448275862068963,0.2843989427207662,0.05,0.0616,0.09026257991733526,18.1,17.388,5.97789818135661,242.0,476.6896551724138,455.1580654366346,80.2,81.10000000000001,7.907500959757857,3918.0,8075.172413793103,8085.571103908163,5.0,8.413793103448276,8.65413708407434,13.0,30.896551724137932,37.85531178767217,5.0,6.689655172413793,7.521889239678429,1.0,1.793103448275862,2.554817722668119,23.0,34.93103448275862,37.726393787073526,90.8,89.96896551724137,6.597786611988895,89.5,85.56896551724138,10.913003496755467,54.75,53.44642857142858,17.008178471565813,15.0,19.17241379310345,18.943655111026416,1.46,1.4341379310344826,0.8362608839410416,1.0,1.3103448275862069,1.8536344275862497,0.06,0.10655172413793103,0.14152929686789653,13.0,19.689655172413794,18.520458665015873,7.0,11.379310344827585,10.83781011453964,12.0,17.482758620689655,13.595221559837992,10.0,9.068965517241379,6.808246231502535,7.0,12.586206896551724,14.034440396445428,2.0,5.517241379310345,8.74896193701684,5.0,7.068965517241379,7.5447760284979335,5.0,9.241379310344827,11.867287487681038,457.0,690.8620689655172,599.793459935402,40.0,88.37931034482759,159.4251758647529,161.0,251.41379310344828,302.1255081255115,186.0,298.2068965517241,291.7713609893816,122.0,147.3448275862069,143.7252527423837,15.0,20.862068965517242,19.931533053235437,5.0,21.724137931034484,30.539080994363523,0.4405,0.4815384615384615,0.27823173518047595,0.454,0.424,0.2807024046922292,253.0,386.86206896551727,341.6091881645218,599.0,1051.448275862069,1067.0744245769397,10.0,19.82758620689655,26.015200179781218,9.0,14.758620689655173,18.064675815393723,1.0,4.931034482758621,7.284675865339116,9.0,13.931034482758621,14.389805504698602,5.0,10.620689655172415,13.159498994760533,336.0,471.62068965517244,412.8048149803197,19.0,33.89655172413793,36.66678608728127,12.0,14.0,12.764347669527472,8.0,12.862068965517242,14.57670386495186,0.0,1.4482758620689655,2.599260978714523,5.0,16.82758620689655,25.586085735243508,23.0,43.89655172413793,41.676770531921534,6.0,13.655172413793103,20.142839674380152,7.0,11.689655172413794,12.775823843371015,0.545,0.5451379310344827,0.22945661341182486
West Ham,0.0,1.4782608695652173,2.3906934181870425,1.0,0.8695652173913043,1.1795356492391769,2.0,3.0,2.5761140573281374,0.0,0.13043478260869565,0.34435022157509093,1.4,1.791304347826087,2.1664619341804654,1.1,1.2217391304347829,1.2717048405903895,14.0,23.217391304347824,29.057867846668763,31.0,44.04347826086956,38.65873799951849,24.0,45.17391304347826,54.79105117204405,0.0,0.09434782608695652,0.13809832093497476,0.03,0.0765217391304348,0.1434195591977409,0.07,0.13521739130434784,0.1632028733374895,0.07,0.09956521739130435,0.10420601364908078,1.67,1.67,0.014142135623730963,0.687,0.687,0.0834386001800126,0.1785,0.1785,0.01626345596729061,0.0,0.0,,0.28600000000000003,0.24242857142857138,0.1470348841018931,0.24,0.38913043478260867,0.43081226710269754,0.04,0.05238095238095238,0.06640065977870717,15.6,17.614285714285714,5.822824547784839,488.0,522.6521739130435,381.80452027130946,79.7,78.1391304347826,7.879763444213213,8264.0,9202.826086956522,6889.594364970553,9.0,11.956521739130435,11.764655312609287,37.0,37.95652173913044,31.755426538223443,5.0,10.043478260869565,11.772380082477975,1.0,2.6956521739130435,3.508882010616327,31.0,44.04347826086956,38.65873799951849,89.7,88.50869565217393,7.201446385242737,85.7,83.41739130434782,10.538227044859674,54.9,54.83913043478262,16.281912416444168,18.0,29.956521739130434,29.2178000865437,1.91,2.190434782608695,1.5447785315256197,2.0,2.1739130434782608,2.7411373537447665,0.1,0.13869565217391308,0.1693652413579515,17.0,23.47826086956522,19.752720330990066,11.0,14.0,11.874342087037917,22.0,19.52173913043478,14.167406785285827,7.0,9.173913043478262,7.252912730965674,19.0,17.0,12.922847983320086,4.0,6.434782608695652,8.294719497457523,10.0,10.565217391304348,7.566830049369909,8.0,12.434782608695652,14.493967669835243,738.0,819.4782608695652,555.7434716882517,42.0,109.56521739130434,171.16414930675506,196.0,306.39130434782606,298.3214768623142,366.0,344.6521739130435,271.5907028626402,114.0,176.56521739130434,176.61767287432338,22.0,31.08695652173913,37.7635141896589,13.0,29.0,43.06865555028495,0.49050000000000005,0.5203181818181819,0.23672414855865995,0.42100000000000004,0.35895454545454547,0.2386576502565422,338.0,415.17391304347825,292.96038394510754,762.0,1086.5217391304348,887.2656089748803,14.0,23.217391304347824,29.057867846668763,10.0,14.521739130434783,16.13823682274602,2.0,6.608695652173913,12.698386191075917,11.0,18.130434782608695,18.912007604179767,6.0,14.652173913043478,21.860318336807477,451.0,520.9130434782609,363.74627933660753,24.0,45.17391304347826,54.79105117204405,15.0,16.130434782608695,13.407271933971597,12.0,15.391304347826088,16.637141172784524,1.0,2.782608695652174,4.078285309685147,11.0,21.304347826086957,26.169786157129398,46.0,56.78260869565217,46.397449500571724,10.0,21.73913043478261,26.29762760005747,18.0,20.73913043478261,18.53305987419226,0.5,0.5143913043478261,0.17025508646264623
Everton,1.0,1.4090909090909092,1.9678146183760226,1.0,0.9090909090909091,1.1087999050492516,3.0,3.227272727272727,2.2239351262767193,0.0,0.09090909090909091,0.29424494316824984,0.95,1.6500000000000001,1.9466087727855628,0.9500000000000001,1.2681818181818185,1.1132904312961576,11.5,19.09090909090909,19.600556578368337,33.5,39.95454545454545,33.462811302395686,23.0,39.22727272727273,39.18203161822523,0.04,0.09409090909090909,0.12730387683129313,0.03,0.060000000000000005,0.08228869042236955,0.05,0.1159090909090909,0.1262898816181811,0.06,0.08454545454545453,0.0742407456299323,1.21,1.21,,0.708,0.708,,0.303,0.303,,1.0,1.0,,0.348,0.32390476190476186,0.23234713356568545,0.26,0.3740909090909091,0.3939018380366586,0.06,0.08095238095238096,0.10473322118147432,17.3,17.29047619047619,5.333657728229734,381.5,436.1363636363636,320.48539012158614,73.19999999999999,73.99545454545454,7.81777445329535,6842.5,8259.59090909091,7416.053093886397,8.5,11.954545454545455,9.824542993017285,33.5,39.04545454545455,33.262988544723505,8.0,10.272727272727273,9.779384624625603,1.0,3.409090909090909,4.924758547710411,33.5,39.95454545454545,33.462811302395686,86.05000000000001,85.3,7.781479844568679,82.30000000000001,79.60454545454546,12.267202780962906,53.7,56.74090909090909,15.557287653514642,24.5,28.181818181818183,19.283934501810823,1.805,1.9195454545454547,1.143834308983135,2.0,2.3636363636363638,2.059714602177749,0.1,0.16045454545454546,0.159118921467031,23.0,29.272727272727273,27.54421867986062,13.0,17.0,16.43747170919166,21.0,25.454545454545453,21.26863837566896,7.5,12.181818181818182,10.581368907913948,12.5,15.636363636363637,14.062938304857694,3.0,5.7272727272727275,9.238541516421808,7.5,9.909090909090908,8.193546187957882,9.5,13.227272727272727,12.52020012840894,645.0,754.8636363636364,489.4364393243807,29.5,96.4090909090909,207.24994321118393,155.0,273.5,342.80922780267554,276.0,301.40909090909093,220.23205490722285,168.0,188.22727272727272,137.64859739073393,18.5,28.681818181818183,25.181978370097028,17.0,25.772727272727273,29.187296353007213,0.486,0.4812857142857143,0.19800331887550343,0.439,0.441952380952381,0.20244961748308546,301.5,363.8636363636364,232.35795362913362,678.0,967.0909090909091,767.0617352128221,11.5,19.09090909090909,19.600556578368337,11.0,13.954545454545455,10.719262913213642,2.0,4.954545454545454,6.958908457970038,12.5,20.272727272727273,19.034259384148108,10.0,15.318181818181818,13.439055960454404,404.0,432.1363636363636,262.82681160877195,23.0,39.22727272727273,39.18203161822523,15.0,17.272727272727273,13.431242250747635,12.5,14.545454545454545,12.070141328431564,1.0,3.4545454545454546,6.261958256976903,6.5,26.545454545454547,34.69695646420285,53.5,60.18181818181818,45.521984603607535,10.0,24.363636363636363,28.466430446012414,14.5,22.136363636363637,22.284514064694502,0.506,0.4872272727272727,0.1824223074856753
Manchester City,1.0,2.52,4.426435736948333,0.0,1.84,2.4610295948376297,2.0,2.2,1.632993161855452,0.0,0.04,0.2,1.1,2.44,4.1681330752908226,1.5,1.9480000000000002,2.1691242472481838,33.0,39.6,42.773628947440656,62.0,66.76,56.414596220009116,18.0,66.12,74.67391333881822,0.05,0.19879999999999998,0.30150069098870513,0.0,0.10280000000000002,0.14208330889540358,0.07,0.1752,0.25865227623201,0.07,0.1208,0.1271128107889471,1.33,1.33,0.2545584412271572,0.6725000000000001,0.6725000000000001,0.017677669529663705,0.2955,0.2955,0.03181980515339463,0.0,0.0,0.0,0.3235,0.3126818181818182,0.21330492065934434,0.33,0.4888,0.5701412105785724,0.07,0.13318181818181818,0.22009492245795878,17.95,17.19090909090909,4.872850841619854,676.0,749.08,549.1794576153287,87.7,86.616,6.8230418436354325,10078.0,12132.4,8968.271238092657,9.0,16.48,15.890563237343098,42.0,57.84,58.279985129259146,11.0,15.0,15.402921800749363,0.0,2.16,3.009429624807111,62.0,66.76,56.414596220009116,94.3,92.17599999999999,6.014862148600471,92.5,89.53200000000001,7.811194957665995,62.5,60.70399999999999,10.94963774134408,32.0,38.04,32.4877925791622,2.1,2.4352000000000005,1.749321582785738,3.0,4.4,4.320493798938574,0.29,0.2856,0.2384861980632562,13.0,17.2,15.65779890874406,6.0,10.52,10.2880189217037,12.0,15.72,14.831048513169932,5.0,8.28,8.002707875046628,11.0,11.4,9.00925450115972,1.0,3.16,4.561432523524454,9.0,8.24,6.4503229893290355,5.0,7.8,8.098353742170895,868.0,974.96,649.5249212565544,35.0,73.88,131.34252928887886,197.0,228.16,227.00397940711673,331.0,419.44,363.16640813819765,324.0,335.32,266.10253662827046,20.0,46.16,50.461767705858264,21.0,28.0,38.68246803570492,0.455,0.48830434782608695,0.2683482192942949,0.35100000000000003,0.36856521739130427,0.23593524267302218,563.0,626.96,430.45707103031776,1674.0,1940.32,1459.720684469007,33.0,39.6,42.773628947440656,23.0,29.48,26.13446000972662,3.0,13.84,21.801528998367676,10.0,16.16,14.570746949510403,10.0,13.92,13.826062346163495,630.0,739.0,503.8758941115031,18.0,66.12,74.67391333881822,10.0,10.0,7.724420150837645,12.0,13.04,11.058480908334563,0.0,1.6,2.273030282830976,4.0,22.0,29.732137494637012,46.0,50.24,33.875113775946694,5.0,10.64,13.209466302617983,8.0,11.32,10.769246336985086,0.5,0.44476,0.21659395190078598
Leicester City,0.0,1.0384615384615385,1.799572598830494,0.0,0.8076923076923077,1.132050556087696,2.0,2.923076923076923,2.4645174281887625,0.0,0.0,0.0,0.35,1.0807692307692307,1.942373647014236,0.4,0.8576923076923079,1.0488748550415639,13.0,19.96153846153846,22.102453744742043,25.5,36.61538461538461,33.6274613053997,19.5,36.15384615384615,39.107740725019966,0.0,0.059615384615384626,0.09236799312449175,0.0,0.05923076923076923,0.08970721607197837,0.04,0.06576923076923077,0.08381756746282139,0.025,0.06576923076923077,0.08010858016083305,2.16,2.72,1.1113955191559843,0.586,0.5463333333333332,0.13108139964668264,0.0,0.012666666666666666,0.02193931022920578,0.25,0.25,,0.33299999999999996,0.3190952380952381,0.1805552283269318,0.22,0.2761538461538462,0.2733653514705464,0.0,0.06,0.073824115301167,17.7,18.342857142857138,5.700927242876498,374.0,467.5769230769231,353.8865550514089,77.55,77.81923076923077,8.36483205955836,5708.5,7820.307692307692,6104.905881464387,6.0,8.423076923076923,8.56585349827127,21.5,33.11538461538461,30.767940357556498,5.0,7.423076923076923,8.178865823196157,1.0,2.3461538461538463,3.9389573005282266,25.5,36.61538461538461,33.6274613053997,88.5,88.66538461538462,6.950852742372971,82.9,84.2153846153846,9.134536323544499,51.099999999999994,54.534615384615385,18.482011628774444,13.5,19.423076923076923,17.80825219256079,1.42,1.341923076923077,0.9862211485494284,1.0,1.8076923076923077,2.3497954084427137,0.05500000000000001,0.12384615384615384,0.152894131295532,21.5,24.53846153846154,21.46295556391201,12.0,14.26923076923077,12.616045948894422,18.0,23.46153846153846,21.37518331005518,9.5,12.23076923076923,11.738169166638187,14.5,16.653846153846153,13.404304704660538,3.5,6.384615384615385,7.704943468069953,8.0,10.26923076923077,8.36448536280717,8.5,11.038461538461538,11.549825173502045,726.5,731.1923076923077,502.17184462936746,31.5,96.46153846153847,160.33246228240387,143.0,267.7692307692308,271.10312542533444,307.0,332.03846153846155,265.57085393833876,97.0,138.65384615384616,130.23177563335065,15.0,21.307692307692307,23.393621747423772,11.0,21.653846153846153,26.069050320550318,0.417,0.43262500000000004,0.2820533117199192,0.5,0.4847083333333333,0.2516495975111747,420.5,414.2307692307692,274.4060214634231,1080.5,1038.6153846153845,722.4724258778642,13.0,19.96153846153846,22.102453744742043,8.0,12.5,12.143310915891103,2.5,4.6923076923076925,6.130378329396846,12.0,16.653846153846153,15.369950703088955,7.0,10.923076923076923,12.243930992693732,458.5,463.34615384615387,313.09997666019615,19.5,36.15384615384615,39.107740725019966,12.5,13.346153846153847,10.240868352604899,11.0,12.73076923076923,10.996572892706864,0.5,2.1153846153846154,4.528372096698089,9.0,21.5,26.83616962235855,41.0,50.23076923076923,36.64129658438161,11.0,17.153846153846153,16.175765348674684,14.5,19.0,16.899704139422088,0.5165,0.4973333333333334,0.20247848338004723
Brighton,1.0,1.8214285714285714,2.8810179711804214,1.0,1.1785714285714286,1.540888907202146,2.0,2.5714285714285716,2.5155600426231786,0.0,0.10714285714285714,0.314970394174356,0.6,1.8321428571428573,2.5868690601558355,0.75,1.2571428571428576,1.3966702655558436,16.0,24.785714285714285,29.44216822588428,37.0,47.214285714285715,48.245788258210524,26.5,46.92857142857143,61.071256845576805,0.035,0.12107142857142858,0.1517878462346385,0.035,0.07857142857142856,0.09830844452309406,0.08499999999999999,0.13071428571428573,0.12289497387271216,0.09,0.10321428571428572,0.07707877506900046,1.0899999999999999,1.0899999999999999,0.834386001800126,0.6935,0.6935,0.07990306627407986,0.347,0.347,0.21637467504308355,0.0,0.0,,0.28200000000000003,0.2935384615384615,0.21643682325689975,0.27,0.4439285714285714,0.6539302221565658,0.055,0.07923076923076923,0.09077105604422929,16.4,17.373076923076926,3.7633557038693746,323.0,489.39285714285717,464.60196738201415,80.55,79.45,8.189130103487907,4664.0,8341.535714285714,8879.287168928984,8.5,11.285714285714286,9.801198501381965,19.5,36.607142857142854,47.02508336631064,7.0,10.5,10.290232693622087,1.0,2.7857142857142856,3.735288603626359,37.0,47.214285714285715,48.245788258210524,91.1,89.57857142857142,6.182254002405964,82.1,81.65357142857142,9.898240851670158,52.05,54.11785714285714,16.088759673470417,22.0,28.571428571428573,23.20349362492891,2.635,2.5435714285714286,1.3438094394384232,3.0,3.25,2.939198681424733,0.25,0.29714285714285715,0.34210521603152855,16.0,21.25,18.420248520461268,9.5,12.821428571428571,11.132380436361945,17.5,21.571428571428573,17.8479764833514,9.0,11.142857142857142,8.847323452611658,11.5,13.607142857142858,11.917429767996632,2.0,3.7857142857142856,5.216477759143636,8.5,9.821428571428571,9.7336893824854,8.5,9.857142857142858,9.419107002236291,583.0,733.3214285714286,595.8941649488656,22.5,80.75,185.92065711141603,117.5,235.46428571428572,312.16798447166315,227.0,319.14285714285717,310.6623407287886,135.5,186.96428571428572,173.58538984067056,15.5,32.67857142857143,40.92545488009702,12.0,25.785714285714285,31.37155723222236,0.425,0.4477037037037037,0.21526384790884934,0.479,0.47181481481481485,0.20809429021055245,341.0,428.60714285714283,373.3442795305709,945.5,1293.7857142857142,1407.4780797488625,16.0,24.785714285714285,29.44216822588428,15.0,17.571428571428573,18.08094673739832,2.0,7.642857142857143,14.032275720807437,10.0,17.857142857142858,18.70574141553234,7.0,11.0,11.84780023339229,387.5,483.7142857142857,410.46611780076785,26.5,46.92857142857143,61.071256845576805,9.5,13.821428571428571,12.147408110766833,7.5,13.035714285714286,14.48238302177573,1.0,1.2857142857142858,1.7608319342086856,10.0,21.035714285714285,25.58860009899829,38.0,50.67857142857143,42.27516000489121,11.5,16.464285714285715,17.493876479663225,10.5,14.535714285714286,14.286699701463188,0.5379999999999999,0.5134444444444445,0.1962105096638916
Bournemouth,1.0,2.217391304347826,3.4106320627112034,1.0,1.608695652173913,2.0167284586402126,3.0,3.608695652173913,2.965546560612741,0.0,0.043478260869565216,0.2085144140570748,1.0,2.617391304347826,3.470217726194378,1.1,1.7565217391304346,1.8300089634545815,19.0,28.47826086956522,33.227685013906694,41.0,56.82608695652174,50.939047510380696,31.0,56.0,69.68891916614473,0.03,0.13565217391304346,0.18322430582501678,0.04,0.10173913043478262,0.11953136423371534,0.08,0.18478260869565216,0.20471420355788683,0.1,0.13043478260869562,0.14898072666286752,1.0,1.09,0.15588457268119899,0.8,0.7986666666666666,0.04801388688008223,0.2,0.15633333333333332,0.13971518648068765,0.0,0.0,,0.302,0.2509,0.1710992017576507,0.16,0.5543478260869564,0.6596543591289203,0.065,0.05800000000000001,0.05346912537550107,16.450000000000003,15.765,4.442293741324466,415.0,478.7391304347826,387.9912390518988,74.1,73.92608695652174,6.721486401581149,6761.0,8706.608695652174,7498.847103747047,11.0,17.130434782608695,16.147908245697412,35.0,46.78260869565217,46.55295764624036,6.0,12.73913043478261,13.525119361948002,2.0,3.782608695652174,5.213239454758262,41.0,56.82608695652174,50.939047510380696,88.0,86.81739130434782,7.304584623490862,78.8,81.45652173913045,10.777452308447927,47.0,47.126086956521746,18.176938870980656,28.0,39.52173913043478,35.50143347325748,2.35,2.62,1.8788971620220585,2.0,3.782608695652174,4.010854836782195,0.22,0.23043478260869568,0.20857695900095716,21.0,27.08695652173913,22.797354398897536,10.0,15.73913043478261,14.203768358190109,23.0,24.26086956521739,20.684243874602515,12.0,12.73913043478261,10.309824931519307,14.0,17.347826086956523,15.581482878585472,2.0,5.043478260869565,6.643371685505684,8.0,12.304347826086957,11.810760819957581,8.0,13.521739130434783,15.069142357261054,778.0,809.2173913043479,595.094641558019,41.0,84.26086956521739,140.8623497639723,148.0,242.7826086956522,263.0634138070029,285.0,346.17391304347825,307.4479486136139,118.0,230.34782608695653,229.3121351694419,19.0,38.56521739130435,47.16010070827064,16.0,25.91304347826087,31.023324133886838,0.4165,0.43145000000000006,0.1924639337368788,0.45099999999999996,0.43005000000000004,0.19095893055286714,454.0,435.4347826086956,325.20382784381366,1059.0,1363.3478260869565,1229.2970500062831,19.0,28.47826086956522,33.227685013906694,15.0,19.73913043478261,19.21461894047519,1.0,8.91304347826087,15.828377977768746,17.0,22.17391304347826,20.13511670940066,8.0,13.434782608695652,16.527734506130546,406.0,473.8695652173913,350.875697278554,31.0,56.0,69.68891916614473,15.0,19.347826086956523,17.458024192206064,10.0,14.826086956521738,13.12752893008721,0.0,2.652173913043478,4.848698941254747,10.0,31.565217391304348,39.505840864998596,55.0,69.91304347826087,55.65389232771861,20.0,22.304347826086957,20.33455362544861,22.0,23.608695652173914,20.198422824195468,0.45899999999999996,0.5032727272727273,0.17984018879686905
Crystal Palace,0.0,1.7894736842105263,3.2927352251825375,1.0,1.631578947368421,2.1398475105532757,3.0,3.736842105263158,3.313978898597708,0.0,0.21052631578947367,0.41885390829169555,1.0,2.5157894736842104,3.390061152823507,1.5,1.9736842105263157,2.0531390885566094,14.0,22.105263157894736,21.822248424848194,58.0,50.578947368421055,38.107036080367216,10.0,51.36842105263158,62.774030835755816,0.0,0.08210526315789474,0.1292533664882196,0.05,0.06736842105263156,0.08345604999460346,0.07,0.1310526315789474,0.13783624490443988,0.12,0.10947368421052632,0.07427229812659526,1.36,1.36,,0.674,0.674,,0.303,0.303,,0.5,0.5,,0.364,0.3050526315789474,0.18783458257029434,0.32,0.49368421052631595,0.4920163787508139,0.0,0.056315789473684215,0.07952711112261511,17.7,18.210526315789473,5.894997383548764,500.0,522.6315789473684,370.53612967133563,75.4,74.58421052631579,6.48787443003354,9402.0,9349.0,7266.5250750731375,11.0,16.36842105263158,15.243251790421846,30.0,39.0,30.98924544633724,10.0,12.052631578947368,11.716435200229188,1.0,2.9473684210526314,4.102488190930615,58.0,50.578947368421055,38.107036080367216,85.0,85.04736842105265,5.581553788154198,81.9,80.8736842105263,9.505077128991125,45.2,46.32105263157896,14.706407482884172,37.0,38.10526315789474,33.03683926373726,2.09,2.346842105263158,1.507101901117133,3.0,3.736842105263158,3.088367156914222,0.16,0.19210526315789475,0.16147166753088504,27.0,34.10526315789474,29.02851995469686,13.0,19.789473684210527,18.07262800593582,31.0,29.105263157894736,21.43956554504391,15.0,14.631578947368421,9.770764364025464,17.0,21.105263157894736,17.801044716040014,3.0,5.894736842105263,6.9433800353854656,14.0,15.210526315789474,12.660432445521058,11.0,13.68421052631579,13.860626214725203,935.0,893.6315789473684,583.8195317168098,27.0,112.47368421052632,216.47873090831004,168.0,333.36842105263156,359.6719509229233,371.0,369.5263157894737,257.7262476222596,170.0,199.1578947368421,175.46897894813034,26.0,33.526315789473685,34.51628990789491,13.0,21.42105263157895,29.00060495436773,0.40700000000000003,0.42366666666666664,0.2265773468766175,0.473,0.47205555555555556,0.23999962554437018,433.0,446.63157894736844,293.39927488479583,956.0,1099.0526315789473,751.2674825981468,14.0,22.105263157894736,21.822248424848194,16.0,15.631578947368421,13.63496537222425,1.0,5.473684210526316,7.530445029291515,14.0,22.263157894736842,20.65548650618081,13.0,15.263157894736842,14.410035489443374,498.0,518.8421052631579,327.872818018392,10.0,51.36842105263158,62.774030835755816,12.0,18.42105263157895,16.184065515444107,18.0,18.05263157894737,14.968387741468598,1.0,3.263157894736842,5.151505769763481,13.0,26.63157894736842,31.20756768320393,63.0,73.3157894736842,51.775211391358724,16.0,22.263157894736842,21.81192870697428,21.0,28.736842105263158,25.293482044157713,0.429,0.41010526315789475,0.19227523522771034
Fulham,0.5,2.1363636363636362,3.196656803382984,1.0,1.8181818181818181,2.4228350893384945,2.0,3.1363636363636362,2.9648007167503336,0.0,0.09090909090909091,0.29424494316824984,0.95,1.9636363636363638,2.5419425370121687,0.75,1.5,1.771466973470078,21.0,30.818181818181817,34.596499084701456,49.0,60.63636363636363,47.08102990189761,30.0,59.63636363636363,69.83623391262995,0.015,0.1690909090909091,0.25313104249642054,0.09,0.11136363636363635,0.1369148311749717,0.07500000000000001,0.14636363636363636,0.1557942921671442,0.085,0.09636363636363637,0.07569018647753702,1.36,1.36,,0.684,0.684,,0.152,0.152,,0.0,0.0,,0.314,0.29728571428571426,0.19090289229268972,0.27,0.5513636363636363,0.6255077591125122,0.06,0.07476190476190475,0.09091859257704377,15.4,16.557142857142857,4.365841434199303,608.0,638.0454545454545,482.20984142677054,81.55,80.23636363636363,7.892826487178718,10453.0,11410.136363636364,9407.832391887774,9.0,15.090909090909092,16.20672726549098,44.5,52.5,45.034114053364355,6.0,12.590909090909092,17.772796470232095,1.5,3.8181818181818183,6.455978135004306,49.0,60.63636363636363,47.08102990189761,90.7,88.36818181818182,6.7403113085966995,85.19999999999999,84.72727272727273,8.98634847279243,57.45,58.25,12.627813217919668,25.5,35.40909090909091,30.648015691082932,2.23,2.4263636363636367,1.6231320265947486,2.5,3.9545454545454546,4.1228431328193285,0.185,0.23636363636363636,0.21649910270451808,23.0,26.363636363636363,21.79677882393559,12.0,16.136363636363637,13.853985001901094,18.0,22.227272727272727,19.84447102603217,8.0,10.863636363636363,10.855305722901697,14.0,14.681818181818182,10.824955135225904,2.0,4.318181818181818,5.643254410915774,9.5,10.363636363636363,8.062526217280103,8.5,12.363636363636363,13.520867309971385,911.0,942.5,658.7650603681898,25.5,104.27272727272727,225.872526590549,151.0,318.8181818181818,378.4526939505671,376.0,390.8636363636364,306.8372137756041,202.0,242.86363636363637,218.5729246192752,28.5,36.22727272727273,35.616919224786066,17.5,25.40909090909091,25.576512832245303,0.44799999999999995,0.43252380952380953,0.2026959839384143,0.391,0.3801904761904762,0.17241537606826693,504.0,558.6363636363636,400.50260631154157,1187.0,1490.5,1199.651248925128,21.0,30.818181818181817,34.596499084701456,16.0,21.5,22.3814336321106,4.0,8.954545454545455,11.077550325415869,14.5,20.045454545454547,17.572915503904277,7.5,11.318181818181818,11.527963367132086,620.0,631.6363636363636,436.66654439706167,30.0,59.63636363636363,69.83623391262995,15.0,16.636363636363637,12.863923176096765,14.0,14.272727272727273,10.69125952837318,0.5,1.6818181818181819,3.029794329596265,14.5,34.40909090909091,48.72533230936459,54.5,63.81818181818182,43.32340878691045,14.0,20.90909090909091,20.96915896514755,17.5,21.09090909090909,19.86120672234022,0.47,0.4597727272727273,0.20971066957850507
Manchester Utd,0.0,1.28,2.17025344142107,0.0,0.92,2.1393145319626723,2.0,2.84,2.4440403706431146,0.0,0.12,0.439696865275764,0.8,1.696,2.2997246211956193,0.4,1.204,1.617477459915078,10.0,22.48,32.027488193737575,43.0,47.24,56.21037863834994,15.0,44.64,65.28519485049169,0.0,0.06280000000000001,0.09889051184685685,0.0,0.0412,0.0893177847165203,0.07,0.12440000000000001,0.15294552407093626,0.06,0.0768,0.07425855730710995,1.31,1.31,,0.695,0.695,,0.281,0.281,,0.25,0.25,,0.29600000000000004,0.2592380952380952,0.1516205476714501,0.17,0.3696,0.46390983319318996,0.0,0.04476190476190476,0.05372327685640998,15.9,16.16190476190476,6.195117124839222,579.0,563.76,465.6466185137967,82.6,83.0,5.783165223301163,8106.0,9280.08,8226.500414919254,6.0,12.68,16.896054766325378,25.0,38.0,40.710359042058734,5.0,10.2,13.934369977385654,1.0,2.08,2.59679289380831,43.0,47.24,56.21037863834994,90.4,89.86399999999999,4.540638721589728,86.5,85.48800000000001,8.533039708489975,55.4,59.056000000000004,17.771772562127843,15.0,29.88,35.47924275779666,1.89,2.1988,1.4101398275821209,1.0,2.32,3.944616584663204,0.04,0.1268,0.21045031084161725,21.0,28.28,27.82163426783792,10.0,16.96,16.89792886717186,17.0,24.68,24.60474209036407,5.0,11.08,12.308262807290612,10.0,12.72,11.00196952065099,2.0,3.8,5.057996968497839,8.0,8.92,8.415858046965067,7.0,13.0,13.00320473319302,771.0,827.36,659.7232930049789,24.0,86.32,193.06188990407543,150.0,294.64,324.18845856487036,329.0,351.12,307.94403171139174,125.0,189.28,220.29989408379964,18.0,30.88,37.16216714168681,5.0,20.28,25.36322797542405,0.5,0.4968260869565217,0.2702811082379894,0.484,0.45230434782608697,0.24719010622717244,527.0,503.52,401.29084631141706,775.0,1257.0,1110.7901091865497,10.0,22.48,32.027488193737575,10.0,15.4,18.296174463531987,1.0,7.48,15.864320554838352,8.0,16.72,17.77760763807474,5.0,12.52,14.053825102085197,563.0,554.4,437.95585774519935,15.0,44.64,65.28519485049169,10.0,13.8,11.445523142259598,7.0,12.44,11.277115470426528,1.0,2.12,3.0044411571316663,6.0,20.32,36.26490498172211,53.0,58.4,51.45224322936108,10.0,16.24,16.266734972534184,13.0,16.68,18.18818297686715,0.5095000000000001,0.5025000000000001,0.23889528359040313
Ipswich Town,0.0,1.0689655172413792,2.328872113319459,0.0,0.7241379310344828,0.9962985684213461,2.0,2.689655172413793,2.406886671257262,0.0,0.13793103448275862,0.3509312031717982,0.5,1.0275862068965518,1.7342961832488495,0.3,0.6827586206896553,0.9702978060947655,9.0,14.620689655172415,18.01272128465929,18.0,26.896551724137932,25.376233013795474,14.0,26.310344827586206,35.36251389766516,0.0,0.08344827586206896,0.13926531365062478,0.0,0.057931034482758624,0.09005471790388757,0.04,0.08965517241379309,0.11481297707329734,0.03,0.054137931034482764,0.05634823114090947,2.44,2.313333333333333,0.43408908455907214,0.607,0.6276666666666667,0.06453164598345007,0.055999999999999994,0.07433333333333332,0.08499607834090542,0.0,0.0,0.0,0.222,0.2832608695652174,0.24810778768168562,0.08,0.2717241379310345,0.3618412138485732,0.07,0.07043478260869565,0.07326652844050495,15.8,16.321739130434786,5.185202417521609,202.0,338.9310344827586,303.4487402034065,76.0,75.22068965517242,8.509044738660856,4170.0,6035.0,5467.757982678354,4.0,7.896551724137931,11.081982892406314,17.0,25.344827586206897,27.840458563122237,4.0,4.724137931034483,6.011278398169192,0.0,1.4827586206896552,2.785430072655778,18.0,26.896551724137932,25.376233013795474,87.3,87.37586206896552,7.327816629237124,84.6,81.68275862068967,11.616585094643078,49.1,47.8962962962963,13.99885933489092,12.0,18.379310344827587,20.84537254764823,1.34,1.505862068965517,1.2352255931650105,1.0,1.6896551724137931,2.0372153311367747,0.1,0.1279310344827586,0.1546742962842711,12.0,17.620689655172413,15.998691448953497,7.0,9.89655172413793,9.033053698130024,13.0,18.24137931034483,16.511154611382732,7.0,9.689655172413794,9.487222415573568,8.0,13.137931034482758,13.367669253867264,2.0,5.620689655172414,9.190110340949,6.0,7.517241379310345,7.457597706151629,6.0,9.793103448275861,9.44298420727877,404.0,561.8620689655172,456.6383160928766,28.0,90.55172413793103,129.09785496914915,111.0,231.6206896551724,243.02401612555312,145.0,220.86206896551724,209.79151626213704,100.0,115.37931034482759,121.96205902806221,11.0,17.20689655172414,20.934215516955604,7.0,17.275862068965516,25.823434196376386,0.474,0.43742857142857144,0.11205470602726661,0.474,0.4569047619047619,0.10333339477724748,216.0,280.51724137931035,220.5133006499762,575.0,752.9655172413793,605.8089327949755,9.0,14.620689655172415,18.01272128465929,6.0,9.517241379310345,10.712545014591779,1.0,4.310344827586207,7.550323778657547,11.0,15.931034482758621,20.081852209827158,4.0,9.724137931034482,13.757845947791125,263.0,333.82758620689657,277.4857871476763,14.0,26.310344827586206,35.36251389766516,9.0,12.862068965517242,14.376876617707623,8.0,11.586206896551724,11.359443023881404,1.0,1.5517241379310345,2.8105185959756827,6.0,14.758620689655173,29.061087351122236,35.0,42.51724137931034,35.262911201486766,7.0,16.03448275862069,21.124601025176933,11.0,15.689655172413794,17.088223698283024,0.5710000000000001,0.534,0.265997583232845
Newcastle Utd,0.0,2.727272727272727,4.958703922270879,1.0,2.090909090909091,2.8769873612958876,2.0,2.6363636363636362,2.9365586361209655,0.0,0.045454545454545456,0.2132007163556105,0.55,2.527272727272728,4.055587775870744,0.75,1.8409090909090908,2.230664878655196,17.5,29.09090909090909,31.625651268895922,57.5,59.77272727272727,57.111363074328665,30.5,59.04545454545455,66.31345282801993,0.0,0.13363636363636366,0.21964355224611087,0.06,0.10681818181818183,0.13321612813971434,0.11499999999999999,0.14499999999999996,0.16401945296939918,0.075,0.09727272727272726,0.09492763249578813,1.295,1.295,0.134350288425444,0.706,0.706,0.0014142135623731748,0.3805,0.3805,0.16899852070358484,0.5,0.5,,0.2355,0.22915000000000002,0.17928491732141713,0.205,0.35727272727272735,0.42538701502762455,0.0,0.07450000000000001,0.0997087864998023,14.8,15.680000000000001,3.7180357009695606,456.0,598.8181818181819,487.7966629811898,81.7,80.25454545454546,5.8413735560778015,7362.5,10089.636363636364,8624.39295059274,10.0,15.181818181818182,15.82835419545559,28.0,43.36363636363637,44.76982982252291,9.0,14.227272727272727,16.786989911923765,0.5,2.727272727272727,4.452733972161354,57.5,59.77272727272727,57.111363074328665,88.0,88.65454545454548,5.3723921489963296,86.6,86.74545454545455,8.308614420772791,51.5,53.457142857142856,12.570981323213054,32.0,35.5,33.09977700975096,2.115,2.0581818181818186,1.40339600481131,3.0,4.7272727272727275,5.2570299253821675,0.24,0.22954545454545458,0.21455329613668692,23.0,24.318181818181817,20.961157646230557,14.5,15.090909090909092,13.233827833782602,27.0,23.954545454545453,21.60792904011389,9.0,11.5,10.671501880286222,17.5,17.09090909090909,13.426729172700858,3.5,5.7272727272727275,7.031776976404147,10.5,11.363636363636363,9.771413381927893,6.0,11.0,11.567606658662102,814.5,900.5909090909091,681.5678465400414,28.0,92.63636363636364,141.86531018457694,139.5,301.90909090909093,328.58048359440676,274.0,379.09090909090907,331.3567936157711,156.0,228.63636363636363,210.4438722714999,29.0,40.59090909090909,43.87390925618452,9.5,26.5,29.94558557180165,0.4515,0.4201,0.19935366615772662,0.4405,0.44139999999999996,0.17048611611938871,464.5,515.1818181818181,400.1859849005491,1565.5,1400.4545454545455,1061.5292530017039,17.5,29.09090909090909,31.625651268895922,16.0,18.0,16.60751407675224,3.5,10.363636363636363,15.42275824427887,16.0,18.5,16.936154620613657,7.0,18.045454545454547,20.362143382190467,560.5,594.0,468.30006660361727,30.5,59.04545454545455,66.31345282801993,9.5,15.590909090909092,16.36680464758758,11.0,18.0,23.593784492248517,2.0,2.9545454545454546,4.336745243539135,11.0,25.818181818181817,36.969274711945225,48.0,66.18181818181819,55.8336273171817,8.0,18.40909090909091,27.01262331173739,10.0,17.863636363636363,19.039546449543618,0.5,0.48422727272727273,0.23874890811381974
Liverpool,1.0,3.5714285714285716,6.209439818304294,2.0,2.6666666666666665,3.928528138289623,3.0,2.857142857142857,2.308369863902106,0.0,0.09523809523809523,0.30079260375911915,1.6,3.5238095238095237,5.410259213929104,1.2,2.5380952380952384,2.95084330157943,21.0,34.23809523809524,35.53435627938793,67.0,79.57142857142857,65.63045895662427,54.0,78.80952380952381,104.57371517146126,0.04,0.16523809523809524,0.23595802693739934,0.14,0.14666666666666667,0.15166849815743985,0.07,0.18619047619047618,0.21143500633708198,0.11,0.1376190476190476,0.12074372703808517,1.015,1.015,0.2616295090390226,0.6984999999999999,0.6984999999999999,0.03181980515339467,0.3955,0.3955,0.006363961030678933,1.0,1.0,,0.32499999999999996,0.3209444444444445,0.1487178426821279,0.35,0.510952380952381,0.46104126455128464,0.08,0.07333333333333335,0.06816933932149712,14.85,15.355555555555554,3.938978999125986,590.0,756.0952380952381,609.8724378722083,83.7,82.77142857142857,7.6010619558810895,10916.0,12863.47619047619,10858.110874452552,11.0,21.047619047619047,21.40905460424675,39.0,66.0,68.77717644684172,8.0,18.38095238095238,22.301291869477406,1.0,3.5714285714285716,5.775564289066728,67.0,79.57142857142857,65.63045895662427,91.7,91.25238095238097,5.947320324954681,88.3,86.58095238095238,9.86719914908071,60.0,60.38095238095238,15.112167913559558,35.0,47.904761904761905,43.52689371170974,2.71,2.6204761904761904,1.5328257441420932,4.0,6.238095238095238,6.171748228053069,0.34,0.35000000000000003,0.2692953768633988,24.0,27.142857142857142,22.77780874949501,15.0,16.666666666666668,14.11854572303158,19.0,27.428571428571427,26.596186622467943,9.0,12.952380952380953,13.377130448927344,9.0,14.80952380952381,14.316490658045522,2.0,3.857142857142857,4.452928410447605,8.0,10.952380952380953,12.463852496223591,7.0,12.619047619047619,15.622023526023092,758.0,1070.5238095238096,788.2621149749377,26.0,95.0,144.88340139574305,155.0,290.5238095238095,306.73532875226795,280.0,484.0952380952381,452.09334265856035,195.0,305.3333333333333,275.1254865208481,40.0,54.142857142857146,70.26256877903464,16.0,27.666666666666668,34.408332324210846,0.48550000000000004,0.5484,0.20867965880746497,0.41800000000000004,0.38040000000000007,0.19696176492432552,489.0,616.2380952380952,441.33636885734956,1318.0,1677.2857142857142,1201.31312083308,21.0,34.23809523809524,35.53435627938793,17.0,23.19047619047619,20.934705748156688,5.0,13.380952380952381,25.281369010550417,19.0,22.0,24.130893062628246,10.0,14.095238095238095,15.38474816792515,551.0,747.8095238095239,549.4712566684102,54.0,78.80952380952381,104.57371517146126,15.0,17.761904761904763,15.946487895159743,12.0,14.761904761904763,12.988089782199545,1.0,2.5714285714285716,4.249369701160733,6.0,30.238095238095237,43.21678465816813,58.0,66.71428571428571,47.20184621086643,9.0,17.476190476190474,25.409878094196056,12.0,15.571428571428571,12.773298041506072,0.45,0.5065238095238095,0.2199176252708316
Aston Villa,1.0,1.9615384615384615,3.376160769048408,0.0,1.5769230769230769,2.4194722882988664,2.0,2.269230769230769,2.2010487011003153,0.0,0.038461538461538464,0.19611613513818402,0.8500000000000001,1.9692307692307693,3.007293697764717,0.55,1.4423076923076923,1.9308387973982866,18.0,23.692307692307693,23.028276932101075,34.5,44.42307692307692,46.06011122602556,23.0,43.88461538461539,50.81521577092981,0.05,0.18538461538461537,0.29921538421987287,0.0,0.09692307692307692,0.12805527652601376,0.08499999999999999,0.195,0.2448223845974873,0.055,0.09615384615384617,0.11579557584215118,1.6949999999999998,1.6949999999999998,0.43133513652379407,0.6075,0.6075,0.07283199846221437,0.578,0.578,0.5967981233214461,0.5,0.5,,0.306,0.3205217391304348,0.2102186890673652,0.225,0.4992307692307692,0.6521896845361668,0.06,0.08478260869565218,0.08691006664244635,16.2,16.830434782608695,4.717032462991642,481.5,491.2692307692308,407.563644864682,82.15,81.35769230769232,7.156433361775855,7045.0,8390.076923076924,7586.90875613027,8.0,12.307692307692308,14.595257396207115,23.5,38.46153846153846,45.44467473245311,8.0,10.615384615384615,12.419587507085486,0.0,1.9230769230769231,3.6102418414624458,34.5,44.42307692307692,46.06011122602556,91.45,90.12692307692306,5.4961483016605515,86.15,86.27307692307694,7.947002337601656,53.6,53.43076923076923,15.525946521375609,22.5,29.076923076923077,28.943977718237797,1.9449999999999998,2.2146153846153847,1.5531831334887223,2.5,3.576923076923077,3.7328067394182294,0.2,0.2611538461538461,0.2236484191417757,11.0,21.346153846153847,20.293727716104417,6.0,12.26923076923077,12.304658279879837,12.0,18.153846153846153,18.40367856205342,5.5,7.884615384615385,8.021605440692895,10.5,10.961538461538462,8.932998462916107,3.0,3.6538461538461537,4.14673179930709,6.0,7.3076923076923075,6.329418493158631,6.0,8.115384615384615,8.334635795651412,682.5,720.4615384615385,546.1895078281333,30.5,85.96153846153847,184.28032575817332,139.0,240.07692307692307,286.5982446669097,251.5,308.03846153846155,291.7836843648706,118.5,179.53846153846155,165.78907823357503,18.5,31.692307692307693,37.82144283949963,16.5,23.653846153846153,29.617484441042333,0.5,0.51264,0.2541479031325395,0.41700000000000004,0.38092,0.23494891643362253,411.5,409.0769230769231,304.1068132188982,1088.5,1178.6153846153845,893.4744350868949,18.0,23.692307692307693,23.028276932101075,13.0,14.846153846153847,12.904858953719122,2.0,7.038461538461538,10.648871373927921,8.5,16.5,20.359273071502333,8.0,12.76923076923077,15.01015041179186,481.5,482.0769230769231,368.6516971968986,23.0,43.88461538461539,50.81521577092981,8.5,13.423076923076923,13.342182960589552,10.0,16.307692307692307,16.962946043112275,0.5,1.7307692307692308,2.554332669135989,5.5,20.423076923076923,34.38159167568957,39.5,46.38461538461539,35.345242308493994,9.0,12.26923076923077,11.674100195930107,9.5,13.76923076923077,13.831291168383931,0.486,0.4094,0.23313336669526022
Wolves,1.0,2.0434782608695654,3.6739656660637188,1.0,1.565217391304348,1.9731397903876622,2.0,3.1739130434782608,2.7077695268018434,0.0,0.08695652173913043,0.28810406552003043,0.8,1.6695652173913043,2.30640112860012,0.9,1.3217391304347827,1.6838690625351027,12.0,22.217391304347824,25.75224001155333,30.0,43.65217391304348,38.71763598114404,28.0,43.0,45.439270160592066,0.07,0.11782608695652173,0.16247955176908568,0.04,0.10086956521739132,0.13187159882656727,0.07,0.11217391304347826,0.12250998184708832,0.07,0.0791304347826087,0.07757184608057117,2.095,2.095,0.47376154339498694,0.615,0.615,0.0,0.12,0.12,0.16970562748477142,0.1,0.1,0.14142135623730953,0.28600000000000003,0.3164285714285714,0.17157172594240913,0.24,0.3573913043478261,0.4095587136430485,0.07,0.09571428571428572,0.11129112402035611,18.3,17.59047619047619,4.844884390974129,482.0,524.0434782608696,377.71255042821673,80.4,77.48695652173913,8.996883518390035,9479.0,8952.217391304348,5914.570966969638,10.0,11.521739130434783,11.731347148936212,23.0,37.47826086956522,31.787461171773938,4.0,10.173913043478262,11.718874340578818,1.0,2.4782608695652173,2.998023064035719,30.0,43.65217391304348,38.71763598114404,90.4,88.1304347826087,7.0549424830210485,86.1,84.38695652173911,9.8466101387887,56.7,51.165217391304346,18.963376394217743,18.0,27.608695652173914,25.67584491029862,1.71,1.768695652173913,1.04001881253888,3.0,3.652173913043478,3.675579059539449,0.19,0.2504347826086956,0.23503342626624535,19.0,29.91304347826087,25.912287438900595,12.0,17.52173913043478,16.141053151450333,17.0,25.0,21.807004712831485,7.0,11.391304347826088,12.459896141529732,14.0,17.0,12.079283542871693,4.0,5.6521739130434785,5.796618886371088,9.0,11.347826086956522,9.952654719640355,9.0,11.695652173913043,9.368393587962256,718.0,819.1739130434783,527.8644499020139,55.0,97.0,138.33654614742989,304.0,287.60869565217394,232.61570710869006,317.0,369.5217391304348,292.22685297015056,123.0,172.2608695652174,175.31043048139816,20.0,26.52173913043478,29.438486814523156,13.0,26.565217391304348,32.41187505018454,0.46299999999999997,0.439047619047619,0.2305546521305689,0.41700000000000004,0.424047619047619,0.23111976899228595,390.0,449.4347826086956,283.02438476488476,938.0,1248.0434782608695,850.7779583342248,12.0,22.217391304347824,25.75224001155333,13.0,17.043478260869566,20.33912097159642,3.0,5.391304347826087,7.9814508275283504,15.0,21.869565217391305,21.977890435257653,10.0,13.521739130434783,14.311056009626682,467.0,519.9565217391304,338.8892924970778,28.0,43.0,45.439270160592066,14.0,19.0,17.0,8.0,15.869565217391305,15.557238443380294,1.0,2.4782608695652173,3.301095757711525,10.0,20.391304347826086,28.725565316748746,43.0,62.130434782608695,47.677233320266176,10.0,16.82608695652174,16.425180707219695,15.0,18.391304347826086,19.220583498934825,0.409,0.465,0.2403707363825532
Nott'ham Forest,1.0,2.380952380952381,4.055566427469664,1.0,1.7142857142857142,2.390457218668787,2.0,3.1904761904761907,2.619523766241635,0.0,0.09523809523809523,0.30079260375911915,1.4,1.9095238095238096,2.4770758490415186,1.1,1.3904761904761906,1.3615817132676105,13.0,25.523809523809526,32.19102211427753,34.0,43.95238095238095,39.85031516873636,19.0,43.523809523809526,54.34852256282506,0.04,0.1280952380952381,0.1715406379730193,0.06,0.09857142857142856,0.1168454412583441,0.08,0.1219047619047619,0.1408765078932271,0.07,0.09285714285714286,0.08603155567248898,1.19,1.19,,0.745,0.745,,0.406,0.406,,0.0,0.0,,0.389,0.40942105263157896,0.2541922535294614,0.32,0.46095238095238095,0.43377303698944636,0.06,0.0836842105263158,0.08623034567146233,18.9,18.678947368421053,6.1145163293199625,418.0,422.42857142857144,310.0010599060222,78.0,74.07142857142856,8.559038664309377,6008.0,7209.666666666667,5757.437175804295,11.0,13.761904761904763,14.243962797988353,26.0,37.04761904761905,34.08148498888537,8.0,9.476190476190476,9.912714298410137,1.0,2.3333333333333335,3.1358146203711303,34.0,43.95238095238095,39.85031516873636,88.1,85.96190476190478,7.6497370013926735,81.6,78.3952380952381,11.577455514510783,46.0,46.699999999999996,18.339356586314583,29.0,32.666666666666664,30.43572462310259,1.75,2.051904761904762,1.320808915201662,2.0,3.8095238095238093,4.697010193932387,0.18,0.23619047619047623,0.24779984242279474,21.0,27.571428571428573,23.79195542314971,13.0,16.857142857142858,14.940835700474436,20.0,26.19047619047619,24.549173199150818,7.0,12.952380952380953,12.721934563878996,11.0,17.714285714285715,17.27756596613903,4.0,6.476190476190476,9.703705723171161,8.0,11.238095238095237,10.1237580073052,12.0,12.80952380952381,10.55281501599951,886.0,747.7619047619048,509.1046950050554,31.0,99.38095238095238,164.4245955416878,159.0,256.5238095238095,266.5778721213783,254.0,298.42857142857144,238.94488306481296,158.0,202.42857142857142,192.43273407312267,21.0,31.523809523809526,29.6995270124274,11.0,24.714285714285715,26.488002675065665,0.4,0.49322222222222223,0.2503352001183626,0.38449999999999995,0.3932222222222222,0.22701400722669995,371.0,342.76190476190476,245.0424258698695,849.0,1062.4761904761904,936.7811173933651,13.0,25.523809523809526,32.19102211427753,10.0,16.285714285714285,17.076717650482067,2.0,7.666666666666667,12.013880860626733,17.0,22.857142857142858,21.87529591636583,9.0,12.714285714285714,11.853872182299153,461.0,419.4761904761905,299.93976379393564,19.0,43.523809523809526,54.34852256282506,12.0,16.0,12.680693987317888,10.0,16.714285714285715,15.611351181569317,1.0,3.5714285714285716,5.436648127030373,8.0,23.238095238095237,34.92549893974997,50.0,63.142857142857146,49.07064877733502,14.0,22.523809523809526,24.152886054505053,19.0,22.523809523809526,24.778254675458978,0.43799999999999994,0.47547619047619055,0.1777860003058787
Tottenham,0.0,2.111111111111111,3.190530861704237,1.0,1.5925925925925926,2.257623993685861,2.0,2.2962962962962963,2.3503651895432176,0.0,0.037037037037037035,0.19245008972987523,0.7,1.977777777777778,2.8772761335537385,0.6,1.4814814814814814,2.011512449919795,15.0,26.88888888888889,28.29831923975118,45.0,53.18518518518518,45.38725425714634,30.0,52.81481481481482,67.90153336720927,0.0,0.1451851851851852,0.2240942516403168,0.05,0.12,0.15879352825409673,0.08,0.14592592592592593,0.16955278867700216,0.07,0.10629629629629628,0.11516370115048433,1.75,1.7133333333333336,0.4461315202194678,0.69,0.6506666666666666,0.07605480480109944,0.2,0.19766666666666666,0.05353814839283604,0.0,0.0,,0.375,0.34804166666666664,0.20608851605384365,0.3,0.41888888888888887,0.4146298936617435,0.065,0.08166666666666667,0.0995497108360252,16.6,15.862499999999999,5.179710626464866,659.0,542.1111111111111,357.33482825940644,84.8,81.38518518518521,8.282776555261373,9970.0,8936.333333333334,6139.7574557456755,6.0,12.666666666666666,16.893330500070594,36.0,42.25925925925926,37.897221932477194,7.0,12.481481481481481,16.2062912056977,1.0,2.7037037037037037,4.366082690774198,45.0,53.18518518518518,45.38725425714634,91.4,89.9962962962963,6.635712325189968,90.1,84.95925925925928,10.771374430522185,55.6,55.562962962962956,14.822959014991373,15.0,28.962962962962962,35.36891451486904,1.7,1.9462962962962962,1.5563447021495052,2.0,3.6296296296296298,4.4819994520659066,0.26,0.26407407407407407,0.2655366012618347,12.0,21.37037037037037,20.009897835721485,6.0,13.592592592592593,13.471506281091267,14.0,19.40740740740741,17.16718528799205,8.0,9.555555555555555,8.186918896974674,15.0,13.74074074074074,11.261208408284379,4.0,4.666666666666667,4.835764198615911,9.0,9.074074074074074,8.380040049132894,9.0,9.88888888888889,10.16530045465127,833.0,784.5925925925926,498.96070904810654,42.0,80.03703703703704,106.51452825481005,207.0,254.22222222222223,214.1820457413476,359.0,331.48148148148147,247.68223599703316,130.0,206.7037037037037,221.09270850705536,20.0,33.407407407407405,41.250882749770675,19.0,25.88888888888889,28.062201971462958,0.4295,0.4371538461538461,0.24813265682818816,0.484,0.4318461538461538,0.23862568048015156,564.0,494.4074074074074,303.9198096739512,1378.0,1352.6296296296296,844.4539040180914,15.0,26.88888888888889,28.29831923975118,17.0,18.40740740740741,16.81862351282342,4.0,8.296296296296296,11.694228737073075,13.0,16.814814814814813,17.47093638685741,10.0,13.555555555555555,15.61885776709417,587.0,537.8888888888889,333.06586705165665,30.0,52.81481481481482,67.90153336720927,10.0,13.777777777777779,12.388994288770153,10.0,15.296296296296296,14.935282992386789,1.0,1.9259259259259258,2.8813181535530403,10.0,24.074074074074073,39.28781953141156,56.0,53.370370370370374,39.34966342163566,8.0,13.074074074074074,13.035236051463698,11.0,13.148148148148149,12.66340488817377,0.5,0.5067037037037038,0.2298832169761278
Chelsea,1.0,2.1538461538461537,3.390484421935104,1.0,1.6538461538461537,2.115510485765697,2.5,3.6153846153846154,3.2505620815720233,0.0,0.038461538461538464,0.19611613513818402,0.7,2.4076923076923076,3.936284855233226,1.05,1.8538461538461537,2.284772333381297,11.0,29.307692307692307,37.25884510370039,30.5,54.96153846153846,60.63628007668728,11.5,54.23076923076923,72.45042867633438,0.05,0.1469230769230769,0.20685781069651166,0.065,0.135,0.18558555978308225,0.08,0.15730769230769232,0.17907669177886198,0.1,0.15499999999999997,0.16982932608945958,1.325,1.325,0.2474873734152917,0.7375,0.7375,0.03323401871576761,0.213,0.213,0.06505382386916239,0.1,0.1,0.14142135623730953,0.33299999999999996,0.2956521739130435,0.21486837592426675,0.26,0.4553846153846154,0.48337340240630344,0.08,0.09434782608695652,0.119347700094248,15.0,15.095652173913045,4.569113526601449,451.0,618.6153846153846,559.3313920690007,84.75,84.1730769230769,6.48392212737369,7272.0,10694.73076923077,10041.238491571414,6.0,15.961538461538462,20.506546797022203,25.5,51.42307692307692,56.10716394680671,4.0,12.461538461538462,16.50995037964868,0.0,2.6153846153846154,5.146470037428942,30.5,54.96153846153846,60.63628007668728,92.55,91.18846153846154,5.822530509878119,90.7,88.46153846153848,7.360928035136706,58.75,57.59615384615385,17.913402374071335,15.0,37.07692307692308,44.89447456150752,1.7850000000000001,2.3438461538461537,1.6872298644181873,2.0,3.8461538461538463,4.42440782652149,0.21000000000000002,0.2561538461538462,0.24560255573714085,11.0,19.115384615384617,22.38093281894555,8.0,11.961538461538462,13.869335295480514,11.5,18.153846153846153,21.04603013908762,5.5,9.153846153846153,11.191755207088146,9.0,11.846153846153847,12.802163278734756,1.5,3.5,5.270673581241775,5.5,8.346153846153847,9.465483855323225,7.0,9.115384615384615,10.401257320447073,683.0,857.7307692307693,727.1223037532164,19.5,79.65384615384616,168.38597146025967,120.0,256.38461538461536,314.8897047441312,235.5,385.7692307692308,393.3775090360208,91.5,222.57692307692307,248.06372940467102,11.0,38.88461538461539,49.021894637459226,12.5,26.0,31.63162973986639,0.4305,0.46079166666666665,0.20294398009788564,0.407,0.3874166666666666,0.23343017141649924,381.5,499.4230769230769,403.3060548096865,979.0,1410.1538461538462,1118.1385492793884,11.0,29.307692307692307,37.25884510370039,9.5,16.76923076923077,18.5586803244362,1.0,10.653846153846153,19.48526070175569,6.0,15.346153846153847,17.921924690595723,5.5,10.307692307692308,11.241954387985144,462.0,613.5,513.9312210792413,11.5,54.23076923076923,72.45042867633438,7.0,14.653846153846153,15.369950703088954,10.0,15.038461538461538,16.24433629110348,1.0,2.076923076923077,3.6978164034800534,3.0,22.692307692307693,38.444525468023905,36.5,52.46153846153846,48.260319741361656,8.0,13.538461538461538,16.13004840471539,8.0,13.384615384615385,14.229762958185699,0.42100000000000004,0.46623999999999993,0.25994603286066903
Arsenal,2.0,2.6818181818181817,2.766919614995014,1.5,2.1818181818181817,2.611993649018087,2.5,2.8636363636363638,1.8846612565519705,0.0,0.22727272727272727,0.5284134548067254,1.65,2.436363636363636,2.5203071344477146,0.8500000000000001,1.8545454545454545,2.1100050265630204,22.5,33.59090909090909,30.858600855405722,54.5,73.0909090909091,59.40731804440794,50.0,72.0909090909091,73.2366738022037,0.09,0.16045454545454543,0.17027924607838046,0.10500000000000001,0.14090909090909093,0.16189088303131216,0.095,0.15590909090909089,0.14371463427186568,0.095,0.12090909090909087,0.11924001768777887,0.82,0.82,,0.765,0.765,,0.364,0.364,,0.0,0.0,,0.304,0.26680952380952383,0.17872929783547492,0.23,0.40681818181818186,0.4111353196725515,0.11,0.12428571428571428,0.13193071774880286,15.0,14.738095238095237,5.194658428662677,435.0,669.5909090909091,523.6096927957029,82.9,82.12272727272727,6.245679025815088,6748.0,10962.272727272728,9314.89653947512,10.0,16.727272727272727,16.95142027532352,37.5,54.59090909090909,50.94316075495932,9.0,17.59090909090909,17.807593594037055,1.5,2.9545454545454546,3.657702541047847,54.5,73.0909090909091,59.40731804440794,92.0,90.76363636363637,4.787836319610001,85.85,84.60454545454546,8.219169073558486,52.7,55.39545454545455,9.961089884561412,23.5,37.86363636363637,32.47606511255336,2.255,2.4540909090909087,1.4306663751749662,3.0,4.7272727272727275,5.311100847074192,0.245,0.29863636363636364,0.31905060733885154,19.0,23.772727272727273,20.14928054530748,12.0,14.045454545454545,12.210367463474372,20.0,20.318181818181817,14.065785450742533,10.5,10.0,6.921326600064608,10.0,12.681818181818182,10.562225431252926,1.5,4.090909090909091,6.654100711370115,7.5,8.590909090909092,6.863700868364647,6.0,8.909090909090908,8.31469777768255,738.5,945.8636363636364,633.6486404681222,23.0,71.22727272727273,158.29145265201143,114.5,237.0909090909091,314.93595858310306,275.5,406.1363636363636,362.591636424773,223.5,309.77272727272725,226.9958950369728,37.0,51.45454545454545,47.366581822980145,22.0,29.227272727272727,28.416849157098962,0.443,0.48727272727272736,0.216592041760801,0.34299999999999997,0.37140909090909086,0.17396870520185634,388.5,553.4545454545455,381.2139415919481,1208.5,1555.409090909091,1043.422284010919,22.5,33.59090909090909,30.858600855405722,18.0,20.59090909090909,17.089844076607914,4.0,11.590909090909092,14.191409510549116,15.0,18.772727272727273,14.745239161237023,12.5,15.181818181818182,12.893838926056208,517.5,662.8636363636364,457.4431315636061,50.0,72.0909090909091,73.2366738022037,14.0,16.454545454545453,10.89660179762162,17.0,16.045454545454547,11.315717146758953,1.5,3.3636363636363638,3.7102875584291,11.0,31.181818181818183,41.23294610085294,46.5,56.54545454545455,38.479094228433866,10.5,19.454545454545453,19.84637971718741,15.5,18.545454545454547,17.670872651336158,0.5115000000000001,0.48518181818181816,0.19400138349129573
Brentford,0.0,2.6666666666666665,5.11207720338155,1.0,1.7619047619047619,2.447544931247676,2.0,2.2857142857142856,1.5856499343441837,0.0,0.047619047619047616,0.21821789023599242,0.8,2.419047619047619,3.832834336051983,1.2,1.7380952380952381,2.198971621116605,12.0,24.523809523809526,31.18592478606182,51.0,55.904761904761905,52.115165510535185,27.0,55.285714285714285,73.31039684597464,0.0,0.11142857142857145,0.18738424998611047,0.06,0.08190476190476192,0.09877343001126607,0.06,0.11809523809523811,0.15686360468952149,0.08,0.09380952380952381,0.08169921605965326,1.385,1.385,0.2050609665440988,0.6165,0.6165,0.16475588001646554,0.578,0.578,0.5967981233214461,0.0,0.0,,0.375,0.32600000000000007,0.16513782122820925,0.17,0.31380952380952387,0.373543520763996,0.06,0.08235294117647059,0.08555184186830125,14.9,15.852941176470589,4.31973923504921,471.0,553.8571428571429,426.45073404958345,77.2,76.54285714285713,7.969226526368253,7521.0,10141.904761904761,8967.726684644007,8.0,13.619047619047619,16.7405979298118,41.0,45.76190476190476,38.29608956787202,7.0,13.523809523809524,17.89306862340568,2.0,3.7142857142857144,5.0412583463145095,51.0,55.904761904761905,52.115165510535185,87.1,86.49999999999999,7.891134265744057,79.9,81.97142857142856,10.019488153450899,55.1,55.41904761904762,13.44327411933637,21.0,32.285714285714285,34.527008062012634,1.72,1.8771428571428572,1.1752027180752385,2.0,4.619047619047619,5.696281159460009,0.2,0.26571428571428574,0.24904962213525697,24.0,25.952380952380953,21.287264245262218,16.0,15.571428571428571,12.484275824297653,24.0,24.285714285714285,19.591178772965286,10.0,11.285714285714286,9.930472582625951,17.0,19.952380952380953,18.334328977293364,4.0,8.19047619047619,12.131030655385583,12.0,11.761904761904763,9.74630577144367,8.0,12.238095238095237,11.911778884384825,762.0,889.047619047619,639.2070459710591,47.0,138.52380952380952,274.65207427718786,216.0,348.85714285714283,401.4415630841288,325.0,329.7142857142857,263.55021207677726,158.0,218.66666666666666,222.9251742924817,24.0,40.80952380952381,44.295167961775526,12.0,25.714285714285715,32.42243491340966,0.452,0.47731578947368414,0.19312030005257774,0.429,0.43305263157894747,0.16163899202448048,382.0,470.7142857142857,345.33608888402364,1164.0,1298.6190476190477,1089.2998887446226,12.0,24.523809523809526,31.18592478606182,9.0,15.19047619047619,18.24724375794615,1.0,8.666666666666666,16.67433157081067,14.0,21.285714285714285,23.82255833688493,8.0,12.047619047619047,12.997985191852583,475.0,545.6190476190476,392.17349173426754,27.0,55.285714285714285,73.31039684597464,11.0,12.428571428571429,10.107281674967947,10.0,14.19047619047619,13.555880818371957,1.0,2.9523809523809526,4.477456761111049,13.0,27.904761904761905,42.81810920849351,50.0,67.33333333333333,53.943797913507474,12.0,26.0,29.816103031751148,14.0,23.095238095238095,23.08225457338334,0.551,0.5403809523809523,0.19428367821061968
all,1.0,1.9479166666666667,3.417289307965514,1.0,1.4416666666666667,2.1568779467979726,2.0,2.870833333333333,2.5373994490055165,0.0,0.0875,0.3041981828459271,0.8,1.980625,3.0116440042872763,0.8,1.4620833333333332,1.812442449833825,14.0,25.489583333333332,29.72314661173066,37.5,50.2625,48.1555613586879,24.0,49.641666666666666,62.212853807270534,0.03,0.12141666666666667,0.18947370613526265,0.04,0.09022916666666667,0.12655442516789173,0.07,0.1345,0.1634012186195273,0.07,0.09762500000000002,0.10231243340487782,1.5,1.636153846153846,0.6527335854720814,0.685,0.6727948717948719,0.08302161401744775,0.2,0.24061538461538462,0.2270393677183037,0.0,0.18744,0.2998924918477731,0.307,0.29780751173708925,0.1979036736333075,0.23,0.40577083333333336,0.4767656225602408,0.06,0.07852112676056339,0.10132728927889947,16.3,16.701643192488262,5.068037989031969,437.0,539.0833333333334,440.85567932492495,80.2,79.34604166666666,8.232271706600033,7156.5,9259.84375,7985.16660635682,8.0,13.277083333333334,14.798024180917256,29.0,42.16041666666667,43.286409558146886,6.0,11.341666666666667,13.880339098896249,1.0,2.6645833333333333,4.10280160827725,37.5,50.2625,48.1555613586879,89.7,88.81854166666668,6.664824463851966,85.7,84.12333333333332,9.993617865993084,53.75,54.179621848739494,15.91816124874073,20.0,31.1125,31.10840111676834,1.8,2.0971249999999997,1.4407857347305055,2.0,3.3979166666666667,4.06548636287668,0.16,0.21952083333333333,0.23345006928014234,17.0,24.075,21.8325999759969,10.0,14.364583333333334,13.39173692170278,17.0,21.920833333333334,19.605769658368622,8.0,10.758333333333333,10.015225013983645,11.0,14.860416666666667,13.24505248290388,2.5,5.027083333333334,7.0882666311572375,8.0,9.833333333333334,9.039540451797308,7.0,10.975,11.457983514619592,730.5,815.0958333333333,597.1153334873709,31.0,92.22291666666666,169.43965829635002,154.5,270.18333333333334,296.34719758595554,270.0,346.1375,302.7710880929166,137.0,206.87291666666667,203.31713274455487,19.5,33.7375,39.90178246969517,13.0,24.7625,30.2394385365579,0.44799999999999995,0.46763038548752833,0.22719664466569717,0.43799999999999994,0.41949659863945576,0.21636229215294697,389.5,457.44375,344.62971712154723,1017.5,1269.075,1050.8916080244833,14.0,25.489583333333332,29.72314661173066,12.0,17.116666666666667,17.72284106280674,2.0,7.95625,13.844806480868307,12.0,18.441666666666666,18.679382908956853,7.0,12.89375,14.347432266105324,471.5,533.3625,403.39380957747477,24.0,49.641666666666666,62.212853807270534,11.0,15.070833333333333,13.397534412081013,10.0,14.614583333333334,14.178087264857327,1.0,2.310416666666667,3.8115164234288956,9.0,23.725,34.55882703588236,44.5,56.797916666666666,44.91284526694078,9.5,17.7125,20.573120524125862,12.0,17.670833333333334,17.965752136385117,0.5,0.4891458773784355,0.21585863691854537
