Statistic,Southampton,West Ham,Everton,Manchester City,Leicester City,Brighton,Bournemouth,Crystal Palace,Fulham,Manchester Utd,Ipswich Town,Newcastle Utd,Liverpool,Aston Villa,Wolves,Nott'ham Forest,Tottenham,Chelsea,Arsenal,Brentford,all
Median of Goals,0.0,0.0,1.0,1.0,0.0,1.0,1.0,0.0,0.5,0.0,0.0,0.0,1.0,1.0,1.0,1.0,0.0,1.0,2.0,0.0,1.00
Mean of Goals,0.7931034482758621,1.4782608695652173,1.4090909090909092,2.52,1.0384615384615385,1.8214285714285714,2.217391304347826,1.7894736842105263,2.1363636363636362,1.28,1.0689655172413792,2.727272727272727,3.5714285714285716,1.9615384615384615,2.0434782608695654,2.380952380952381,2.111111111111111,2.1538461538461537,2.6818181818181817,2.6666666666666665,1.95
Std of Goals,1.0816426114554918,2.3906934181870425,1.9678146183760226,4.426435736948333,1.799572598830494,2.8810179711804214,3.4106320627112034,3.2927352251825375,3.196656803382984,2.17025344142107,2.328872113319459,4.958703922270879,6.209439818304294,3.376160769048408,3.6739656660637188,4.055566427469664,3.190530861704237,3.390484421935104,2.766919614995014,5.11207720338155,3.42
Median of Assists,0.0,1.0,1.0,0.0,0.0,1.0,1.0,1.0,1.0,0.0,0.0,1.0,2.0,0.0,1.0,1.0,1.0,1.0,1.5,1.0,1.00
Mean of Assists,0.4827586206896552,0.8695652173913043,0.9090909090909091,1.84,0.8076923076923077,1.1785714285714286,1.608695652173913,1.631578947368421,1.8181818181818181,0.92,0.7241379310344828,2.090909090909091,2.6666666666666665,1.5769230769230769,1.565217391304348,1.7142857142857142,1.5925925925925926,1.6538461538461537,2.1818181818181817,1.7619047619047619,1.44
Std of Assists,0.8289705171033531,1.1795356492391769,1.1087999050492516,2.4610295948376297,1.132050556087696,1.540888907202146,2.0167284586402126,2.1398475105532757,2.4228350893384945,2.1393145319626723,0.9962985684213461,2.8769873612958876,3.928528138289623,2.4194722882988664,1.9731397903876622,2.390457218668787,2.257623993685861,2.115510485765697,2.611993649018087,2.447544931247676,2.16
Median of Yellow Cards,2.0,2.0,3.0,2.0,2.0,2.0,3.0,3.0,2.0,2.0,2.0,2.0,3.0,2.0,2.0,2.0,2.0,2.5,2.5,2.0,2.00
Mean of Yellow Cards,2.7241379310344827,3.0,3.227272727272727,2.2,2.923076923076923,2.5714285714285716,3.608695652173913,3.736842105263158,3.1363636363636362,2.84,2.689655172413793,2.6363636363636362,2.857142857142857,2.269230769230769,3.1739130434782608,3.1904761904761907,2.2962962962962963,3.6153846153846154,2.8636363636363638,2.2857142857142856,2.87
Std of Yellow Cards,2.8895940362932095,2.5761140573281374,2.2239351262767193,1.632993161855452,2.4645174281887625,2.5155600426231786,2.965546560612741,3.313978898597708,2.9648007167503336,2.4440403706431146,2.406886671257262,2.9365586361209655,2.308369863902106,2.2010487011003153,2.7077695268018434,2.619523766241635,2.3503651895432176,3.2505620815720233,1.8846612565519705,1.5856499343441837,2.54
Median of Red Cards,0.0,0.0,0.0,0.0,0.0,0.0,0.0,0.0,0.0,0.0,0.0,0.0,0.0,0.0,0.0,0.0,0.0,0.0,0.0,0.0,0.00
Mean of Red Cards,0.10344827586206896,0.13043478260869565,0.09090909090909091,0.04,0.0,0.10714285714285714,0.043478260869565216,0.21052631578947367,0.09090909090909091,0.12,0.13793103448275862,0.045454545454545456,0.09523809523809523,0.038461538461538464,0.08695652173913043,0.09523809523809523,0.037037037037037035,0.038461538461538464,0.22727272727272727,0.047619047619047616,0.09
Std of Red Cards,0.40925259281898757,0.34435022157509093,0.29424494316824984,0.2,0.0,0.314970394174356,0.2085144140570748,0.41885390829169555,0.29424494316824984,0.439696865275764,0.3509312031717982,0.2132007163556105,0.30079260375911915,0.19611613513818402,0.28810406552003043,0.30079260375911915,0.19245008972987523,0.19611613513818402,0.5284134548067254,0.21821789023599242,0.30
Median of xG,0.4,1.4,0.95,1.1,0.35,0.6,1.0,1.0,0.95,0.8,0.5,0.55,1.6,0.8500000000000001,0.8,1.4,0.7,0.7,1.65,0.8,0.80
Mean of xG,1.0241379310344827,1.791304347826087,1.6500000000000001,2.44,1.0807692307692307,1.8321428571428573,2.617391304347826,2.5157894736842104,1.9636363636363638,1.696,1.0275862068965518,2.527272727272728,3.5238095238095237,1.9692307692307693,1.6695652173913043,1.9095238095238096,1.977777777777778,2.4076923076923076,2.436363636363636,2.419047619047619,1.98
Std of xG,1.3694772653445424,2.1664619341804654,1.9466087727855628,4.1681330752908226,1.942373647014236,2.5868690601558355,3.470217726194378,3.390061152823507,2.5419425370121687,2.2997246211956193,1.7342961832488495,4.055587775870744,5.410259213929104,3.007293697764717,2.30640112860012,2.4770758490415186,2.8772761335537385,3.936284855233226,2.5203071344477146,3.832834336051983,3.01
Median of xAG,0.5,1.1,0.9500000000000001,1.5,0.4,0.75,1.1,1.5,0.75,0.4,0.3,0.75,1.2,0.55,0.9,1.1,0.6,1.05,0.8500000000000001,1.2,0.80
Mean of xAG,0.7724137931034484,1.2217391304347829,1.2681818181818185,1.9480000000000002,0.8576923076923079,1.2571428571428576,1.7565217391304346,1.9736842105263157,1.5,1.204,0.6827586206896553,1.8409090909090908,2.5380952380952384,1.4423076923076923,1.3217391304347827,1.3904761904761906,1.4814814814814814,1.8538461538461537,1.8545454545454545,1.7380952380952381,1.46
Std of xAG,0.8688648389562005,1.2717048405903895,1.1132904312961576,2.1691242472481838,1.0488748550415639,1.3966702655558436,1.8300089634545815,2.0531390885566094,1.771466973470078,1.617477459915078,0.9702978060947655,2.230664878655196,2.95084330157943,1.9308387973982866,1.6838690625351027,1.3615817132676105,2.011512449919795,2.284772333381297,2.1100050265630204,2.198971621116605,1.81
Median of PrgC,10.0,14.0,11.5,33.0,13.0,16.0,19.0,14.0,21.0,10.0,9.0,17.5,21.0,18.0,12.0,13.0,15.0,11.0,22.5,12.0,14.00
Mean of PrgC,19.82758620689655,23.217391304347824,19.09090909090909,39.6,19.96153846153846,24.785714285714285,28.47826086956522,22.105263157894736,30.818181818181817,22.48,14.620689655172415,29.09090909090909,34.23809523809524,23.692307692307693,22.217391304347824,25.523809523809526,26.88888888888889,29.307692307692307,33.59090909090909,24.523809523809526,25.49
Std of PrgC,26.015200179781218,29.057867846668763,19.600556578368337,42.773628947440656,22.102453744742043,29.44216822588428,33.227685013906694,21.822248424848194,34.596499084701456,32.027488193737575,18.01272128465929,31.625651268895922,35.53435627938793,23.028276932101075,25.75224001155333,32.19102211427753,28.29831923975118,37.25884510370039,30.858600855405722,31.18592478606182,29.72
Median of PrgP,23.0,31.0,33.5,62.0,25.5,37.0,41.0,58.0,49.0,43.0,18.0,57.5,67.0,34.5,30.0,34.0,45.0,30.5,54.5,51.0,37.50
Mean of PrgP,34.93103448275862,44.04347826086956,39.95454545454545,66.76,36.61538461538461,47.214285714285715,56.82608695652174,50.578947368421055,60.63636363636363,47.24,26.896551724137932,59.77272727272727,79.57142857142857,44.42307692307692,43.65217391304348,43.95238095238095,53.18518518518518,54.96153846153846,73.0909090909091,55.904761904761905,50.26
Std of PrgP,37.726393787073526,38.65873799951849,33.462811302395686,56.414596220009116,33.6274613053997,48.245788258210524,50.939047510380696,38.107036080367216,47.08102990189761,56.21037863834994,25.376233013795474,57.111363074328665,65.63045895662427,46.06011122602556,38.71763598114404,39.85031516873636,45.38725425714634,60.63628007668728,59.40731804440794,52.115165510535185,48.16
Median of PrgR,19.0,24.0,23.0,18.0,19.5,26.5,31.0,10.0,30.0,15.0,14.0,30.5,54.0,23.0,28.0,19.0,30.0,11.5,50.0,27.0,24.00
Mean of PrgR,33.89655172413793,45.17391304347826,39.22727272727273,66.12,36.15384615384615,46.92857142857143,56.0,51.36842105263158,59.63636363636363,44.64,26.310344827586206,59.04545454545455,78.80952380952381,43.88461538461539,43.0,43.523809523809526,52.81481481481482,54.23076923076923,72.0909090909091,55.285714285714285,49.64
Std of PrgR,36.66678608728127,54.79105117204405,39.18203161822523,74.67391333881822,39.107740725019966,61.071256845576805,69.68891916614473,62.774030835755816,69.83623391262995,65.28519485049169,35.36251389766516,66.31345282801993,104.57371517146126,50.81521577092981,45.439270160592066,54.34852256282506,67.90153336720927,72.45042867633438,73.2366738022037,73.31039684597464,62.21
Median of Gls/90,0.0,0.0,0.04,0.05,0.0,0.035,0.03,0.0,0.015,0.0,0.0,0.0,0.04,0.05,0.07,0.04,0.0,0.05,0.09,0.0,0.03
Mean of Gls/90,0.05172413793103449,0.09434782608695652,0.09409090909090909,0.19879999999999998,0.059615384615384626,0.12107142857142858,0.13565217391304346,0.08210526315789474,0.1690909090909091,0.06280000000000001,0.08344827586206896,0.13363636363636366,0.16523809523809524,0.18538461538461537,0.11782608695652173,0.1280952380952381,0.1451851851851852,0.1469230769230769,0.16045454545454543,0.11142857142857145,0.12
Std of Gls/90,0.08062563246782899,0.13809832093497476,0.12730387683129313,0.30150069098870513,0.09236799312449175,0.1517878462346385,0.18322430582501678,0.1292533664882196,0.25313104249642054,0.09889051184685685,0.13926531365062478,0.21964355224611087,0.23595802693739934,0.29921538421987287,0.16247955176908568,0.1715406379730193,0.2240942516403168,0.20685781069651166,0.17027924607838046,0.18738424998611047,0.19
Median of Ast/90,0.0,0.03,0.03,0.0,0.0,0.035,0.04,0.05,0.09,0.0,0.0,0.06,0.14,0.0,0.04,0.06,0.05,0.065,0.10500000000000001,0.06,0.04
Mean of Ast/90,0.042413793103448276,0.0765217391304348,0.060000000000000005,0.10280000000000002,0.05923076923076923,0.07857142857142856,0.10173913043478262,0.06736842105263156,0.11136363636363635,0.0412,0.057931034482758624,0.10681818181818183,0.14666666666666667,0.09692307692307692,0.10086956521739132,0.09857142857142856,0.12,0.135,0.14090909090909093,0.08190476190476192,0.09
Std of Ast/90,0.09803990340722762,0.1434195591977409,0.08228869042236955,0.14208330889540358,0.08970721607197837,0.09830844452309406,0.11953136423371534,0.08345604999460346,0.1369148311749717,0.0893177847165203,0.09005471790388757,0.13321612813971434,0.15166849815743985,0.12805527652601376,0.13187159882656727,0.1168454412583441,0.15879352825409673,0.18558555978308225,0.16189088303131216,0.09877343001126607,0.13
Median of xG/90,0.04,0.07,0.05,0.07,0.04,0.08499999999999999,0.08,0.07,0.07500000000000001,0.07,0.04,0.11499999999999999,0.07,0.08499999999999999,0.07,0.08,0.08,0.08,0.095,0.06,0.07
Mean of xG/90,0.07689655172413792,0.13521739130434784,0.1159090909090909,0.1752,0.06576923076923077,0.13071428571428573,0.18478260869565216,0.1310526315789474,0.14636363636363636,0.12440000000000001,0.08965517241379309,0.14499999999999996,0.18619047619047618,0.195,0.11217391304347826,0.1219047619047619,0.14592592592592593,0.15730769230769232,0.15590909090909089,0.11809523809523811,0.13
Std of xG/90,0.08932698553532177,0.1632028733374895,0.1262898816181811,0.25865227623201,0.08381756746282139,0.12289497387271216,0.20471420355788683,0.13783624490443988,0.1557942921671442,0.15294552407093626,0.11481297707329734,0.16401945296939918,0.21143500633708198,0.2448223845974873,0.12250998184708832,0.1408765078932271,0.16955278867700216,0.17907669177886198,0.14371463427186568,0.15686360468952149,0.16
Median of xAG/90,0.04,0.07,0.06,0.07,0.025,0.09,0.1,0.12,0.085,0.06,0.03,0.075,0.11,0.055,0.07,0.07,0.07,0.1,0.095,0.08,0.07
Mean of xAG/90,0.05413793103448277,0.09956521739130435,0.08454545454545453,0.1208,0.06576923076923077,0.10321428571428572,0.13043478260869562,0.10947368421052632,0.09636363636363637,0.0768,0.054137931034482764,0.09727272727272726,0.1376190476190476,0.09615384615384617,0.0791304347826087,0.09285714285714286,0.10629629629629628,0.15499999999999997,0.12090909090909087,0.09380952380952381,0.10
Std of xAG/90,0.05760191225616128,0.10420601364908078,0.0742407456299323,0.1271128107889471,0.08010858016083305,0.07707877506900046,0.14898072666286752,0.07427229812659526,0.07569018647753702,0.07425855730710995,0.05634823114090947,0.09492763249578813,0.12074372703808517,0.11579557584215118,0.07757184608057117,0.08603155567248898,0.11516370115048433,0.16982932608945958,0.11924001768777887,0.08169921605965326,0.10
Median of GA90,2.33,1.67,1.21,1.33,2.16,1.0899999999999999,1.0,1.36,1.36,1.31,2.44,1.295,1.015,1.6949999999999998,2.095,1.19,1.75,1.325,0.82,1.385,1.50
Mean of GA90,2.4166666666666665,1.67,1.21,1.33,2.72,1.0899999999999999,1.09,1.36,1.36,1.31,2.313333333333333,1.295,1.015,1.6949999999999998,2.095,1.19,1.7133333333333336,1.325,0.82,1.385,1.64
Std of GA90,0.15885003409925147,0.014142135623730963,,0.2545584412271572,1.1113955191559843,0.834386001800126,0.15588457268119899,,,,0.43408908455907214,0.134350288425444,0.2616295090390226,0.43133513652379407,0.47376154339498694,,0.4461315202194678,0.2474873734152917,,0.2050609665440988,0.65
Median of Save%,0.677,0.687,0.708,0.6725000000000001,0.586,0.6935,0.8,0.674,0.684,0.695,0.607,0.706,0.6984999999999999,0.6075,0.615,0.745,0.69,0.7375,0.765,0.6165,0.69
Mean of Save%,0.6766666666666667,0.687,0.708,0.6725000000000001,0.5463333333333332,0.6935,0.7986666666666666,0.674,0.684,0.695,0.6276666666666667,0.706,0.6984999999999999,0.6075,0.615,0.745,0.6506666666666666,0.7375,0.765,0.6165,0.67
Std of Save%,0.026501572280401245,0.0834386001800126,,0.017677669529663705,0.13108139964668264,0.07990306627407986,0.04801388688008223,,,,0.06453164598345007,0.0014142135623731748,0.03181980515339467,0.07283199846221437,0.0,,0.07605480480109944,0.03323401871576761,,0.16475588001646554,0.08
Median of CS%,0.0,0.1785,0.303,0.2955,0.0,0.347,0.2,0.303,0.152,0.281,0.055999999999999994,0.3805,0.3955,0.578,0.12,0.406,0.2,0.213,0.364,0.578,0.20
Mean of CS%,0.02666666666666667,0.1785,0.303,0.2955,0.012666666666666666,0.347,0.15633333333333332,0.303,0.152,0.281,0.07433333333333332,0.3805,0.3955,0.578,0.12,0.406,0.19766666666666666,0.213,0.364,0.578,0.24
Std of CS%,0.046188021535170064,0.01626345596729061,,0.03181980515339463,0.02193931022920578,0.21637467504308355,0.13971518648068765,,,,0.08499607834090542,0.16899852070358484,0.006363961030678933,0.5967981233214461,0.16970562748477142,,0.05353814839283604,0.06505382386916239,,0.5967981233214461,0.23
Median of PK Save%,14.3,0.0,100.0,0.0,25.0,0.0,0.0,50.0,0.0,25.0,0.0,50.0,100.0,50.0,10.0,0.0,0.0,10.0,0.0,0.0,0.00
Mean of PK Save%,14.3,0.0,100.0,0.0,25.0,0.0,0.0,50.0,0.0,25.0,0.0,50.0,100.0,50.0,10.0,0.0,0.0,10.0,0.0,0.0,18.74
Std of PK Save%,20.22325394193526,,,0.0,,,,,,,0.0,,,,14.142135623730951,,,14.142135623730951,,,29.99
Median of SoT%,0.28,0.28600000000000003,0.348,0.3235,0.33299999999999996,0.28200000000000003,0.302,0.364,0.314,0.29600000000000004,0.222,0.2355,0.32499999999999996,0.306,0.28600000000000003,0.389,0.375,0.33299999999999996,0.304,0.375,0.31
Mean of SoT%,0.25164000000000003,0.24242857142857138,0.32390476190476186,0.3126818181818182,0.3190952380952381,0.2935384615384615,0.2509,0.3050526315789474,0.29728571428571426,0.2592380952380952,0.2832608695652174,0.22915000000000002,0.3209444444444445,0.3205217391304348,0.3164285714285714,0.40942105263157896,0.34804166666666664,0.2956521739130435,0.26680952380952383,0.32600000000000007,0.30
Std of SoT%,0.21984897846779577,0.1470348841018931,0.23234713356568545,0.21330492065934434,0.1805552283269318,0.21643682325689975,0.1710992017576507,0.18783458257029434,0.19090289229268972,0.1516205476714501,0.24810778768168562,0.17928491732141713,0.1487178426821279,0.2102186890673652,0.17157172594240913,0.2541922535294614,0.20608851605384365,0.21486837592426675,0.17872929783547492,0.16513782122820925,0.20
Median of SoT/90,0.1,0.24,0.26,0.33,0.22,0.27,0.16,0.32,0.27,0.17,0.08,0.205,0.35,0.225,0.24,0.32,0.3,0.26,0.23,0.17,0.23
Mean of SoT/90,0.21448275862068963,0.38913043478260867,0.3740909090909091,0.4888,0.2761538461538462,0.4439285714285714,0.5543478260869564,0.49368421052631595,0.5513636363636363,0.3696,0.2717241379310345,0.35727272727272735,0.510952380952381,0.4992307692307692,0.3573913043478261,0.46095238095238095,0.41888888888888887,0.4553846153846154,0.40681818181818186,0.31380952380952387,0.41
Std of SoT/90,0.2843989427207662,0.43081226710269754,0.3939018380366586,0.5701412105785724,0.2733653514705464,0.6539302221565658,0.6596543591289203,0.4920163787508139,0.6255077591125122,0.46390983319318996,0.3618412138485732,0.42538701502762455,0.46104126455128464,0.6521896845361668,0.4095587136430485,0.43377303698944636,0.4146298936617435,0.48337340240630344,0.4111353196725515,0.373543520763996,0.48
Median of G/Sh,0.05,0.04,0.06,0.07,0.0,0.055,0.065,0.0,0.06,0.0,0.07,0.0,0.08,0.06,0.07,0.06,0.065,0.08,0.11,0.06,0.06
Mean of G/Sh,0.0616,0.05238095238095238,0.08095238095238096,0.13318181818181818,0.06,0.07923076923076923,0.05800000000000001,0.056315789473684215,0.07476190476190475,0.04476190476190476,0.07043478260869565,0.07450000000000001,0.07333333333333335,0.08478260869565218,0.09571428571428572,0.0836842105263158,0.08166666666666667,0.09434782608695652,0.12428571428571428,0.08235294117647059,0.08
Std of G/Sh,0.09026257991733526,0.06640065977870717,0.10473322118147432,0.22009492245795878,0.073824115301167,0.09077105604422929,0.05346912537550107,0.07952711112261511,0.09091859257704377,0.05372327685640998,0.07326652844050495,0.0997087864998023,0.06816933932149712,0.08691006664244635,0.11129112402035611,0.08623034567146233,0.0995497108360252,0.119347700094248,0.13193071774880286,0.08555184186830125,0.10
Median of Dist,18.1,15.6,17.3,17.95,17.7,16.4,16.450000000000003,17.7,15.4,15.9,15.8,14.8,14.85,16.2,18.3,18.9,16.6,15.0,15.0,14.9,16.30
Mean of Dist,17.388,17.614285714285714,17.29047619047619,17.19090909090909,18.342857142857138,17.373076923076926,15.765,18.210526315789473,16.557142857142857,16.16190476190476,16.321739130434786,15.680000000000001,15.355555555555554,16.830434782608695,17.59047619047619,18.678947368421053,15.862499999999999,15.095652173913045,14.738095238095237,15.852941176470589,16.70
Std of Dist,5.97789818135661,5.822824547784839,5.333657728229734,4.872850841619854,5.700927242876498,3.7633557038693746,4.442293741324466,5.894997383548764,4.365841434199303,6.195117124839222,5.185202417521609,3.7180357009695606,3.938978999125986,4.717032462991642,4.844884390974129,6.1145163293199625,5.179710626464866,4.569113526601449,5.194658428662677,4.31973923504921,5.07
Median of Cmp,242.0,488.0,381.5,676.0,374.0,323.0,415.0,500.0,608.0,579.0,202.0,456.0,590.0,481.5,482.0,418.0,659.0,451.0,435.0,471.0,437.00
Mean of Cmp,476.6896551724138,522.6521739130435,436.1363636363636,749.08,467.5769230769231,489.39285714285717,478.7391304347826,522.6315789473684,638.0454545454545,563.76,338.9310344827586,598.8181818181819,756.0952380952381,491.2692307692308,524.0434782608696,422.42857142857144,542.1111111111111,618.6153846153846,669.5909090909091,553.8571428571429,539.08
Std of Cmp,455.1580654366346,381.80452027130946,320.48539012158614,549.1794576153287,353.8865550514089,464.60196738201415,387.9912390518988,370.53612967133563,482.20984142677054,465.6466185137967,303.4487402034065,487.7966629811898,609.8724378722083,407.563644864682,377.71255042821673,310.0010599060222,357.33482825940644,559.3313920690007,523.6096927957029,426.45073404958345,440.86
Median of Cmp%,80.2,79.7,73.19999999999999,87.7,77.55,80.55,74.1,75.4,81.55,82.6,76.0,81.7,83.7,82.15,80.4,78.0,84.8,84.75,82.9,77.2,80.20
Mean of Cmp%,81.10000000000001,78.1391304347826,73.99545454545454,86.616,77.81923076923077,79.45,73.92608695652174,74.58421052631579,80.23636363636363,83.0,75.22068965517242,80.25454545454546,82.77142857142857,81.35769230769232,77.48695652173913,74.07142857142856,81.38518518518521,84.1730769230769,82.12272727272727,76.54285714285713,79.35
Std of Cmp%,7.907500959757857,7.879763444213213,7.81777445329535,6.8230418436354325,8.36483205955836,8.189130103487907,6.721486401581149,6.48787443003354,7.892826487178718,5.783165223301163,8.509044738660856,5.8413735560778015,7.6010619558810895,7.156433361775855,8.996883518390035,8.559038664309377,8.282776555261373,6.48392212737369,6.245679025815088,7.969226526368253,8.23
Median of TotDist,3918.0,8264.0,6842.5,10078.0,5708.5,4664.0,6761.0,9402.0,10453.0,8106.0,4170.0,7362.5,10916.0,7045.0,9479.0,6008.0,9970.0,7272.0,6748.0,7521.0,7156.50
Mean of TotDist,8075.172413793103,9202.826086956522,8259.59090909091,12132.4,7820.307692307692,8341.535714285714,8706.608695652174,9349.0,11410.136363636364,9280.08,6035.0,10089.636363636364,12863.47619047619,8390.076923076924,8952.217391304348,7209.666666666667,8936.333333333334,10694.73076923077,10962.272727272728,10141.904761904761,9259.84
Std of TotDist,8085.571103908163,6889.594364970553,7416.053093886397,8968.271238092657,6104.905881464387,8879.287168928984,7498.847103747047,7266.5250750731375,9407.832391887774,8226.500414919254,5467.757982678354,8624.39295059274,10858.110874452552,7586.90875613027,5914.570966969638,5757.437175804295,6139.7574557456755,10041.238491571414,9314.89653947512,8967.726684644007,7985.17
Median of KP,5.0,9.0,8.5,9.0,6.0,8.5,11.0,11.0,9.0,6.0,4.0,10.0,11.0,8.0,10.0,11.0,6.0,6.0,10.0,8.0,8.00
Mean of KP,8.413793103448276,11.956521739130435,11.954545454545455,16.48,8.423076923076923,11.285714285714286,17.130434782608695,16.36842105263158,15.090909090909092,12.68,7.896551724137931,15.181818181818182,21.047619047619047,12.307692307692308,11.521739130434783,13.761904761904763,12.666666666666666,15.961538461538462,16.727272727272727,13.619047619047619,13.28
Std of KP,8.65413708407434,11.764655312609287,9.824542993017285,15.890563237343098,8.56585349827127,9.801198501381965,16.147908245697412,15.243251790421846,16.20672726549098,16.896054766325378,11.081982892406314,15.82835419545559,21.40905460424675,14.595257396207115,11.731347148936212,14.243962797988353,16.893330500070594,20.506546797022203,16.95142027532352,16.7405979298118,14.80
Median of 1/3,13.0,37.0,33.5,42.0,21.5,19.5,35.0,30.0,44.5,25.0,17.0,28.0,39.0,23.5,23.0,26.0,36.0,25.5,37.5,41.0,29.00
Mean of 1/3,30.896551724137932,37.95652173913044,39.04545454545455,57.84,33.11538461538461,36.607142857142854,46.78260869565217,39.0,52.5,38.0,25.344827586206897,43.36363636363637,66.0,38.46153846153846,37.47826086956522,37.04761904761905,42.25925925925926,51.42307692307692,54.59090909090909,45.76190476190476,42.16
Std of 1/3,37.85531178767217,31.755426538223443,33.262988544723505,58.279985129259146,30.767940357556498,47.02508336631064,46.55295764624036,30.98924544633724,45.034114053364355,40.710359042058734,27.840458563122237,44.76982982252291,68.77717644684172,45.44467473245311,31.787461171773938,34.08148498888537,37.897221932477194,56.10716394680671,50.94316075495932,38.29608956787202,43.29
Median of PPA,5.0,5.0,8.0,11.0,5.0,7.0,6.0,10.0,6.0,5.0,4.0,9.0,8.0,8.0,4.0,8.0,7.0,4.0,9.0,7.0,6.00
Mean of PPA,6.689655172413793,10.043478260869565,10.272727272727273,15.0,7.423076923076923,10.5,12.73913043478261,12.052631578947368,12.590909090909092,10.2,4.724137931034483,14.227272727272727,18.38095238095238,10.615384615384615,10.173913043478262,9.476190476190476,12.481481481481481,12.461538461538462,17.59090909090909,13.523809523809524,11.34
Std of PPA,7.521889239678429,11.772380082477975,9.779384624625603,15.402921800749363,8.178865823196157,10.290232693622087,13.525119361948002,11.716435200229188,17.772796470232095,13.934369977385654,6.011278398169192,16.786989911923765,22.301291869477406,12.419587507085486,11.718874340578818,9.912714298410137,16.2062912056977,16.50995037964868,17.807593594037055,17.89306862340568,13.88
Median of CrsPA,1.0,1.0,1.0,0.0,1.0,1.0,2.0,1.0,1.5,1.0,0.0,0.5,1.0,0.0,1.0,1.0,1.0,0.0,1.5,2.0,1.00
Mean of CrsPA,1.793103448275862,2.6956521739130435,3.409090909090909,2.16,2.3461538461538463,2.7857142857142856,3.782608695652174,2.9473684210526314,3.8181818181818183,2.08,1.4827586206896552,2.727272727272727,3.5714285714285716,1.9230769230769231,2.4782608695652173,2.3333333333333335,2.7037037037037037,2.6153846153846154,2.9545454545454546,3.7142857142857144,2.66
Std of CrsPA,2.554817722668119,3.508882010616327,4.924758547710411,3.009429624807111,3.9389573005282266,3.735288603626359,5.213239454758262,4.102488190930615,6.455978135004306,2.59679289380831,2.785430072655778,4.452733972161354,5.775564289066728,3.6102418414624458,2.998023064035719,3.1358146203711303,4.366082690774198,5.146470037428942,3.657702541047847,5.0412583463145095,4.10
Median of PrgP.1,23.0,31.0,33.5,62.0,25.5,37.0,41.0,58.0,49.0,43.0,18.0,57.5,67.0,34.5,30.0,34.0,45.0,30.5,54.5,51.0,37.50
Mean of PrgP.1,34.93103448275862,44.04347826086956,39.95454545454545,66.76,36.61538461538461,47.214285714285715,56.82608695652174,50.578947368421055,60.63636363636363,47.24,26.896551724137932,59.77272727272727,79.57142857142857,44.42307692307692,43.65217391304348,43.95238095238095,53.18518518518518,54.96153846153846,73.0909090909091,55.904761904761905,50.26
Std of PrgP.1,37.726393787073526,38.65873799951849,33.462811302395686,56.414596220009116,33.6274613053997,48.245788258210524,50.939047510380696,38.107036080367216,47.08102990189761,56.21037863834994,25.376233013795474,57.111363074328665,65.63045895662427,46.06011122602556,38.71763598114404,39.85031516873636,45.38725425714634,60.63628007668728,59.40731804440794,52.115165510535185,48.16
Median of Short Cmp%,90.8,89.7,86.05000000000001,94.3,88.5,91.1,88.0,85.0,90.7,90.4,87.3,88.0,91.7,91.45,90.4,88.1,91.4,92.55,92.0,87.1,89.70
Mean of Short Cmp%,89.96896551724137,88.50869565217393,85.3,92.17599999999999,88.66538461538462,89.57857142857142,86.81739130434782,85.04736842105265,88.36818181818182,89.86399999999999,87.37586206896552,88.65454545454548,91.25238095238097,90.12692307692306,88.1304347826087,85.96190476190478,89.9962962962963,91.18846153846154,90.76363636363637,86.49999999999999,88.82
Std of Short Cmp%,6.597786611988895,7.201446385242737,7.781479844568679,6.014862148600471,6.950852742372971,6.182254002405964,7.304584623490862,5.581553788154198,6.7403113085966995,4.540638721589728,7.327816629237124,5.3723921489963296,5.947320324954681,5.4961483016605515,7.0549424830210485,7.6497370013926735,6.635712325189968,5.822530509878119,4.787836319610001,7.891134265744057,6.66
Median of Medium Cmp%,89.5,85.7,82.30000000000001,92.5,82.9,82.1,78.8,81.9,85.19999999999999,86.5,84.6,86.6,88.3,86.15,86.1,81.6,90.1,90.7,85.85,79.9,85.70
Mean of Medium Cmp%,85.56896551724138,83.41739130434782,79.60454545454546,89.53200000000001,84.2153846153846,81.65357142857142,81.45652173913045,80.8736842105263,84.72727272727273,85.48800000000001,81.68275862068967,86.74545454545455,86.58095238095238,86.27307692307694,84.38695652173911,78.3952380952381,84.95925925925928,88.46153846153848,84.60454545454546,81.97142857142856,84.12
Std of Medium Cmp%,10.913003496755467,10.538227044859674,12.267202780962906,7.811194957665995,9.134536323544499,9.898240851670158,10.777452308447927,9.505077128991125,8.98634847279243,8.533039708489975,11.616585094643078,8.308614420772791,9.86719914908071,7.947002337601656,9.8466101387887,11.577455514510783,10.771374430522185,7.360928035136706,8.219169073558486,10.019488153450899,9.99
Median of Long Cmp%,54.75,54.9,53.7,62.5,51.099999999999994,52.05,47.0,45.2,57.45,55.4,49.1,51.5,60.0,53.6,56.7,46.0,55.6,58.75,52.7,55.1,53.75
Mean of Long Cmp%,53.44642857142858,54.83913043478262,56.74090909090909,60.70399999999999,54.534615384615385,54.11785714285714,47.126086956521746,46.32105263157896,58.25,59.056000000000004,47.8962962962963,53.457142857142856,60.38095238095238,53.43076923076923,51.165217391304346,46.699999999999996,55.562962962962956,57.59615384615385,55.39545454545455,55.41904761904762,54.18
Std of Long Cmp%,17.008178471565813,16.281912416444168,15.557287653514642,10.94963774134408,18.482011628774444,16.088759673470417,18.176938870980656,14.706407482884172,12.627813217919668,17.771772562127843,13.99885933489092,12.570981323213054,15.112167913559558,15.525946521375609,18.963376394217743,18.339356586314583,14.822959014991373,17.913402374071335,9.961089884561412,13.44327411933637,15.92
Median of SCA,15.0,18.0,24.5,32.0,13.5,22.0,28.0,37.0,25.5,15.0,12.0,32.0,35.0,22.5,18.0,29.0,15.0,15.0,23.5,21.0,20.00
Mean of SCA,19.17241379310345,29.956521739130434,28.181818181818183,38.04,19.423076923076923,28.571428571428573,39.52173913043478,38.10526315789474,35.40909090909091,29.88,18.379310344827587,35.5,47.904761904761905,29.076923076923077,27.608695652173914,32.666666666666664,28.962962962962962,37.07692307692308,37.86363636363637,32.285714285714285,31.11
Std of SCA,18.943655111026416,29.2178000865437,19.283934501810823,32.4877925791622,17.80825219256079,23.20349362492891,35.50143347325748,33.03683926373726,30.648015691082932,35.47924275779666,20.84537254764823,33.09977700975096,43.52689371170974,28.943977718237797,25.67584491029862,30.43572462310259,35.36891451486904,44.89447456150752,32.47606511255336,34.527008062012634,31.11
Median of SCA90,1.46,1.91,1.805,2.1,1.42,2.635,2.35,2.09,2.23,1.89,1.34,2.115,2.71,1.9449999999999998,1.71,1.75,1.7,1.7850000000000001,2.255,1.72,1.80
Mean of SCA90,1.4341379310344826,2.190434782608695,1.9195454545454547,2.4352000000000005,1.341923076923077,2.5435714285714286,2.62,2.346842105263158,2.4263636363636367,2.1988,1.505862068965517,2.0581818181818186,2.6204761904761904,2.2146153846153847,1.768695652173913,2.051904761904762,1.9462962962962962,2.3438461538461537,2.4540909090909087,1.8771428571428572,2.10
Std of SCA90,0.8362608839410416,1.5447785315256197,1.143834308983135,1.749321582785738,0.9862211485494284,1.3438094394384232,1.8788971620220585,1.507101901117133,1.6231320265947486,1.4101398275821209,1.2352255931650105,1.40339600481131,1.5328257441420932,1.5531831334887223,1.04001881253888,1.320808915201662,1.5563447021495052,1.6872298644181873,1.4306663751749662,1.1752027180752385,1.44
Median of GCA,1.0,2.0,2.0,3.0,1.0,3.0,2.0,3.0,2.5,1.0,1.0,3.0,4.0,2.5,3.0,2.0,2.0,2.0,3.0,2.0,2.00
Mean of GCA,1.3103448275862069,2.1739130434782608,2.3636363636363638,4.4,1.8076923076923077,3.25,3.782608695652174,3.736842105263158,3.9545454545454546,2.32,1.6896551724137931,4.7272727272727275,6.238095238095238,3.576923076923077,3.652173913043478,3.8095238095238093,3.6296296296296298,3.8461538461538463,4.7272727272727275,4.619047619047619,3.40
Std of GCA,1.8536344275862497,2.7411373537447665,2.059714602177749,4.320493798938574,2.3497954084427137,2.939198681424733,4.010854836782195,3.088367156914222,4.1228431328193285,3.944616584663204,2.0372153311367747,5.2570299253821675,6.171748228053069,3.7328067394182294,3.675579059539449,4.697010193932387,4.4819994520659066,4.42440782652149,5.311100847074192,5.696281159460009,4.07
Median of GCA90,0.06,0.1,0.1,0.29,0.05500000000000001,0.25,0.22,0.16,0.185,0.04,0.1,0.24,0.34,0.2,0.19,0.18,0.26,0.21000000000000002,0.245,0.2,0.16
Mean of GCA90,0.10655172413793103,0.13869565217391308,0.16045454545454546,0.2856,0.12384615384615384,0.29714285714285715,0.23043478260869568,0.19210526315789475,0.23636363636363636,0.1268,0.1279310344827586,0.22954545454545458,0.35000000000000003,0.2611538461538461,0.2504347826086956,0.23619047619047623,0.26407407407407407,0.2561538461538462,0.29863636363636364,0.26571428571428574,0.22
Std of GCA90,0.14152929686789653,0.1693652413579515,0.159118921467031,0.2384861980632562,0.152894131295532,0.34210521603152855,0.20857695900095716,0.16147166753088504,0.21649910270451808,0.21045031084161725,0.1546742962842711,0.21455329613668692,0.2692953768633988,0.2236484191417757,0.23503342626624535,0.24779984242279474,0.2655366012618347,0.24560255573714085,0.31905060733885154,0.24904962213525697,0.23
Median of Tkl,13.0,17.0,23.0,13.0,21.5,16.0,21.0,27.0,23.0,21.0,12.0,23.0,24.0,11.0,19.0,21.0,12.0,11.0,19.0,24.0,17.00
Mean of Tkl,19.689655172413794,23.47826086956522,29.272727272727273,17.2,24.53846153846154,21.25,27.08695652173913,34.10526315789474,26.363636363636363,28.28,17.620689655172413,24.318181818181817,27.142857142857142,21.346153846153847,29.91304347826087,27.571428571428573,21.37037037037037,19.115384615384617,23.772727272727273,25.952380952380953,24.07
Std of Tkl,18.520458665015873,19.752720330990066,27.54421867986062,15.65779890874406,21.46295556391201,18.420248520461268,22.797354398897536,29.02851995469686,21.79677882393559,27.82163426783792,15.998691448953497,20.961157646230557,22.77780874949501,20.293727716104417,25.912287438900595,23.79195542314971,20.009897835721485,22.38093281894555,20.14928054530748,21.287264245262218,21.83
Median of TklW,7.0,11.0,13.0,6.0,12.0,9.5,10.0,13.0,12.0,10.0,7.0,14.5,15.0,6.0,12.0,13.0,6.0,8.0,12.0,16.0,10.00
Mean of TklW,11.379310344827585,14.0,17.0,10.52,14.26923076923077,12.821428571428571,15.73913043478261,19.789473684210527,16.136363636363637,16.96,9.89655172413793,15.090909090909092,16.666666666666668,12.26923076923077,17.52173913043478,16.857142857142858,13.592592592592593,11.961538461538462,14.045454545454545,15.571428571428571,14.36
Std of TklW,10.83781011453964,11.874342087037917,16.43747170919166,10.2880189217037,12.616045948894422,11.132380436361945,14.203768358190109,18.07262800593582,13.853985001901094,16.89792886717186,9.033053698130024,13.233827833782602,14.11854572303158,12.304658279879837,16.141053151450333,14.940835700474436,13.471506281091267,13.869335295480514,12.210367463474372,12.484275824297653,13.39
Median of Att,12.0,22.0,21.0,12.0,18.0,17.5,23.0,31.0,18.0,17.0,13.0,27.0,19.0,12.0,17.0,20.0,14.0,11.5,20.0,24.0,17.00
Mean of Att,17.482758620689655,19.52173913043478,25.454545454545453,15.72,23.46153846153846,21.571428571428573,24.26086956521739,29.105263157894736,22.227272727272727,24.68,18.24137931034483,23.954545454545453,27.428571428571427,18.153846153846153,25.0,26.19047619047619,19.40740740740741,18.153846153846153,20.318181818181817,24.285714285714285,21.92
Std of Att,13.595221559837992,14.167406785285827,21.26863837566896,14.831048513169932,21.37518331005518,17.8479764833514,20.684243874602515,21.43956554504391,19.84447102603217,24.60474209036407,16.511154611382732,21.60792904011389,26.596186622467943,18.40367856205342,21.807004712831485,24.549173199150818,17.16718528799205,21.04603013908762,14.065785450742533,19.591178772965286,19.61
Median of Lost,10.0,7.0,7.5,5.0,9.5,9.0,12.0,15.0,8.0,5.0,7.0,9.0,9.0,5.5,7.0,7.0,8.0,5.5,10.5,10.0,8.00
Mean of Lost,9.068965517241379,9.173913043478262,12.181818181818182,8.28,12.23076923076923,11.142857142857142,12.73913043478261,14.631578947368421,10.863636363636363,11.08,9.689655172413794,11.5,12.952380952380953,7.884615384615385,11.391304347826088,12.952380952380953,9.555555555555555,9.153846153846153,10.0,11.285714285714286,10.76
Std of Lost,6.808246231502535,7.252912730965674,10.581368907913948,8.002707875046628,11.738169166638187,8.847323452611658,10.309824931519307,9.770764364025464,10.855305722901697,12.308262807290612,9.487222415573568,10.671501880286222,13.377130448927344,8.021605440692895,12.459896141529732,12.721934563878996,8.186918896974674,11.191755207088146,6.921326600064608,9.930472582625951,10.02
Median of Blocks,7.0,19.0,12.5,11.0,14.5,11.5,14.0,17.0,14.0,10.0,8.0,17.5,9.0,10.5,14.0,11.0,15.0,9.0,10.0,17.0,11.00
Mean of Blocks,12.586206896551724,17.0,15.636363636363637,11.4,16.653846153846153,13.607142857142858,17.347826086956523,21.105263157894736,14.681818181818182,12.72,13.137931034482758,17.09090909090909,14.80952380952381,10.961538461538462,17.0,17.714285714285715,13.74074074074074,11.846153846153847,12.681818181818182,19.952380952380953,14.86
Std of Blocks,14.034440396445428,12.922847983320086,14.062938304857694,9.00925450115972,13.404304704660538,11.917429767996632,15.581482878585472,17.801044716040014,10.824955135225904,11.00196952065099,13.367669253867264,13.426729172700858,14.316490658045522,8.932998462916107,12.079283542871693,17.27756596613903,11.261208408284379,12.802163278734756,10.562225431252926,18.334328977293364,13.25
Median of Sh,2.0,4.0,3.0,1.0,3.5,2.0,2.0,3.0,2.0,2.0,2.0,3.5,2.0,3.0,4.0,4.0,4.0,1.5,1.5,4.0,2.50
Mean of Sh,5.517241379310345,6.434782608695652,5.7272727272727275,3.16,6.384615384615385,3.7857142857142856,5.043478260869565,5.894736842105263,4.318181818181818,3.8,5.620689655172414,5.7272727272727275,3.857142857142857,3.6538461538461537,5.6521739130434785,6.476190476190476,4.666666666666667,3.5,4.090909090909091,8.19047619047619,5.03
Std of Sh,8.74896193701684,8.294719497457523,9.238541516421808,4.561432523524454,7.704943468069953,5.216477759143636,6.643371685505684,6.9433800353854656,5.643254410915774,5.057996968497839,9.190110340949,7.031776976404147,4.452928410447605,4.14673179930709,5.796618886371088,9.703705723171161,4.835764198615911,5.270673581241775,6.654100711370115,12.131030655385583,7.09
Median of Pass,5.0,10.0,7.5,9.0,8.0,8.5,8.0,14.0,9.5,8.0,6.0,10.5,8.0,6.0,9.0,8.0,9.0,5.5,7.5,12.0,8.00
Mean of Pass,7.068965517241379,10.565217391304348,9.909090909090908,8.24,10.26923076923077,9.821428571428571,12.304347826086957,15.210526315789474,10.363636363636363,8.92,7.517241379310345,11.363636363636363,10.952380952380953,7.3076923076923075,11.347826086956522,11.238095238095237,9.074074074074074,8.346153846153847,8.590909090909092,11.761904761904763,9.83
Std of Pass,7.5447760284979335,7.566830049369909,8.193546187957882,6.4503229893290355,8.36448536280717,9.7336893824854,11.810760819957581,12.660432445521058,8.062526217280103,8.415858046965067,7.457597706151629,9.771413381927893,12.463852496223591,6.329418493158631,9.952654719640355,10.1237580073052,8.380040049132894,9.465483855323225,6.863700868364647,9.74630577144367,9.04
Median of Int,5.0,8.0,9.5,5.0,8.5,8.5,8.0,11.0,8.5,7.0,6.0,6.0,7.0,6.0,9.0,12.0,9.0,7.0,6.0,8.0,7.00
Mean of Int,9.241379310344827,12.434782608695652,13.227272727272727,7.8,11.038461538461538,9.857142857142858,13.521739130434783,13.68421052631579,12.363636363636363,13.0,9.793103448275861,11.0,12.619047619047619,8.115384615384615,11.695652173913043,12.80952380952381,9.88888888888889,9.115384615384615,8.909090909090908,12.238095238095237,10.97
Std of Int,11.867287487681038,14.493967669835243,12.52020012840894,8.098353742170895,11.549825173502045,9.419107002236291,15.069142357261054,13.860626214725203,13.520867309971385,13.00320473319302,9.44298420727877,11.567606658662102,15.622023526023092,8.334635795651412,9.368393587962256,10.55281501599951,10.16530045465127,10.401257320447073,8.31469777768255,11.911778884384825,11.46
Median of Touches,457.0,738.0,645.0,868.0,726.5,583.0,778.0,935.0,911.0,771.0,404.0,814.5,758.0,682.5,718.0,886.0,833.0,683.0,738.5,762.0,730.50
Mean of Touches,690.8620689655172,819.4782608695652,754.8636363636364,974.96,731.1923076923077,733.3214285714286,809.2173913043479,893.6315789473684,942.5,827.36,561.8620689655172,900.5909090909091,1070.5238095238096,720.4615384615385,819.1739130434783,747.7619047619048,784.5925925925926,857.7307692307693,945.8636363636364,889.047619047619,815.10
Std of Touches,599.793459935402,555.7434716882517,489.4364393243807,649.5249212565544,502.17184462936746,595.8941649488656,595.094641558019,583.8195317168098,658.7650603681898,659.7232930049789,456.6383160928766,681.5678465400414,788.2621149749377,546.1895078281333,527.8644499020139,509.1046950050554,498.96070904810654,727.1223037532164,633.6486404681222,639.2070459710591,597.12
Median of Def Pen,40.0,42.0,29.5,35.0,31.5,22.5,41.0,27.0,25.5,24.0,28.0,28.0,26.0,30.5,55.0,31.0,42.0,19.5,23.0,47.0,31.00
Mean of Def Pen,88.37931034482759,109.56521739130434,96.4090909090909,73.88,96.46153846153847,80.75,84.26086956521739,112.47368421052632,104.27272727272727,86.32,90.55172413793103,92.63636363636364,95.0,85.96153846153847,97.0,99.38095238095238,80.03703703703704,79.65384615384616,71.22727272727273,138.52380952380952,92.22
Std of Def Pen,159.4251758647529,171.16414930675506,207.24994321118393,131.34252928887886,160.33246228240387,185.92065711141603,140.8623497639723,216.47873090831004,225.872526590549,193.06188990407543,129.09785496914915,141.86531018457694,144.88340139574305,184.28032575817332,138.33654614742989,164.4245955416878,106.51452825481005,168.38597146025967,158.29145265201143,274.65207427718786,169.44
Median of Def 3rd,161.0,196.0,155.0,197.0,143.0,117.5,148.0,168.0,151.0,150.0,111.0,139.5,155.0,139.0,304.0,159.0,207.0,120.0,114.5,216.0,154.50
Mean of Def 3rd,251.41379310344828,306.39130434782606,273.5,228.16,267.7692307692308,235.46428571428572,242.7826086956522,333.36842105263156,318.8181818181818,294.64,231.6206896551724,301.90909090909093,290.5238095238095,240.07692307692307,287.60869565217394,256.5238095238095,254.22222222222223,256.38461538461536,237.0909090909091,348.85714285714283,270.18
Std of Def 3rd,302.1255081255115,298.3214768623142,342.80922780267554,227.00397940711673,271.10312542533444,312.16798447166315,263.0634138070029,359.6719509229233,378.4526939505671,324.18845856487036,243.02401612555312,328.58048359440676,306.73532875226795,286.5982446669097,232.61570710869006,266.5778721213783,214.1820457413476,314.8897047441312,314.93595858310306,401.4415630841288,296.35
Median of Mid 3rd,186.0,366.0,276.0,331.0,307.0,227.0,285.0,371.0,376.0,329.0,145.0,274.0,280.0,251.5,317.0,254.0,359.0,235.5,275.5,325.0,270.00
Mean of Mid 3rd,298.2068965517241,344.6521739130435,301.40909090909093,419.44,332.03846153846155,319.14285714285717,346.17391304347825,369.5263157894737,390.8636363636364,351.12,220.86206896551724,379.09090909090907,484.0952380952381,308.03846153846155,369.5217391304348,298.42857142857144,331.48148148148147,385.7692307692308,406.1363636363636,329.7142857142857,346.14
Std of Mid 3rd,291.7713609893816,271.5907028626402,220.23205490722285,363.16640813819765,265.57085393833876,310.6623407287886,307.4479486136139,257.7262476222596,306.8372137756041,307.94403171139174,209.79151626213704,331.3567936157711,452.09334265856035,291.7836843648706,292.22685297015056,238.94488306481296,247.68223599703316,393.3775090360208,362.591636424773,263.55021207677726,302.77
Median of Att 3rd,122.0,114.0,168.0,324.0,97.0,135.5,118.0,170.0,202.0,125.0,100.0,156.0,195.0,118.5,123.0,158.0,130.0,91.5,223.5,158.0,137.00
Mean of Att 3rd,147.3448275862069,176.56521739130434,188.22727272727272,335.32,138.65384615384616,186.96428571428572,230.34782608695653,199.1578947368421,242.86363636363637,189.28,115.37931034482759,228.63636363636363,305.3333333333333,179.53846153846155,172.2608695652174,202.42857142857142,206.7037037037037,222.57692307692307,309.77272727272725,218.66666666666666,206.87
Std of Att 3rd,143.7252527423837,176.61767287432338,137.64859739073393,266.10253662827046,130.23177563335065,173.58538984067056,229.3121351694419,175.46897894813034,218.5729246192752,220.29989408379964,121.96205902806221,210.4438722714999,275.1254865208481,165.78907823357503,175.31043048139816,192.43273407312267,221.09270850705536,248.06372940467102,226.9958950369728,222.9251742924817,203.32
Median of Att Pen,15.0,22.0,18.5,20.0,15.0,15.5,19.0,26.0,28.5,18.0,11.0,29.0,40.0,18.5,20.0,21.0,20.0,11.0,37.0,24.0,19.50
Mean of Att Pen,20.862068965517242,31.08695652173913,28.681818181818183,46.16,21.307692307692307,32.67857142857143,38.56521739130435,33.526315789473685,36.22727272727273,30.88,17.20689655172414,40.59090909090909,54.142857142857146,31.692307692307693,26.52173913043478,31.523809523809526,33.407407407407405,38.88461538461539,51.45454545454545,40.80952380952381,33.74
Std of Att Pen,19.931533053235437,37.7635141896589,25.181978370097028,50.461767705858264,23.393621747423772,40.92545488009702,47.16010070827064,34.51628990789491,35.616919224786066,37.16216714168681,20.934215516955604,43.87390925618452,70.26256877903464,37.82144283949963,29.438486814523156,29.6995270124274,41.250882749770675,49.021894637459226,47.366581822980145,44.295167961775526,39.90
Median of Att (Take-Ons),5.0,13.0,17.0,21.0,11.0,12.0,16.0,13.0,17.5,5.0,7.0,9.5,16.0,16.5,13.0,11.0,19.0,12.5,22.0,12.0,13.00
Mean of Att (Take-Ons),21.724137931034484,29.0,25.772727272727273,28.0,21.653846153846153,25.785714285714285,25.91304347826087,21.42105263157895,25.40909090909091,20.28,17.275862068965516,26.5,27.666666666666668,23.653846153846153,26.565217391304348,24.714285714285715,25.88888888888889,26.0,29.227272727272727,25.714285714285715,24.76
Std of Att (Take-Ons),30.539080994363523,43.06865555028495,29.187296353007213,38.68246803570492,26.069050320550318,31.37155723222236,31.023324133886838,29.00060495436773,25.576512832245303,25.36322797542405,25.823434196376386,29.94558557180165,34.408332324210846,29.617484441042333,32.41187505018454,26.488002675065665,28.062201971462958,31.63162973986639,28.416849157098962,32.42243491340966,30.24
Median of Succ% (Take-Ons),44.05,49.05,48.6,45.5,41.7,42.5,41.650000000000006,40.7,44.8,50.0,47.4,45.150000000000006,48.55,50.0,46.3,40.0,42.95,43.05,44.3,45.2,44.80
Mean of Succ% (Take-Ons),48.15384615384615,52.03181818181818,48.128571428571426,48.83043478260869,43.262499999999996,44.770370370370365,43.144999999999996,42.36666666666666,43.25238095238095,49.68260869565216,43.74285714285714,42.010000000000005,54.839999999999996,51.263999999999996,43.904761904761905,49.32222222222222,43.715384615384615,46.07916666666666,48.72727272727273,47.731578947368426,46.76
Std of Succ% (Take-Ons),27.82317351804759,23.67241485586599,19.800331887550342,26.834821929429488,28.20533117199192,21.526384790884933,19.24639337368788,22.65773468766175,20.26959839384143,27.028110823798936,11.205470602726662,19.93536661577266,20.867965880746496,25.414790313253945,23.055465213056884,25.03352001183626,24.813265682818816,20.294398009788566,21.659204176080102,19.312030005257775,22.72
Median of Tkld% (Take-Ons),45.400000000000006,42.1,43.9,35.1,50.0,47.9,45.099999999999994,47.3,39.1,48.4,47.4,44.05,41.8,41.7,41.7,38.45,48.4,40.7,34.3,42.9,43.80
Mean of Tkld% (Take-Ons),42.39999999999999,35.89545454545455,44.19523809523809,36.85652173913043,48.47083333333333,47.18148148148148,43.004999999999995,47.20555555555555,38.01904761904762,45.2304347826087,45.69047619047618,44.13999999999999,38.04,38.092000000000006,42.404761904761905,39.32222222222222,43.18461538461539,38.74166666666667,37.14090909090908,43.305263157894736,41.95
Std of Tkld% (Take-Ons),28.070240469222913,23.86576502565422,20.244961748308548,23.593524267302218,25.164959751117472,20.809429021055244,19.095893055286712,23.99996255443702,17.24153760682669,24.719010622717242,10.33333947772475,17.04861161193887,19.69617649243255,23.49489164336225,23.111976899228594,22.701400722669995,23.862568048015156,23.343017141649927,17.396870520185633,16.16389920244805,21.64
Median of Carries,253.0,338.0,301.5,563.0,420.5,341.0,454.0,433.0,504.0,527.0,216.0,464.5,489.0,411.5,390.0,371.0,564.0,381.5,388.5,382.0,389.50
Mean of Carries,386.86206896551727,415.17391304347825,363.8636363636364,626.96,414.2307692307692,428.60714285714283,435.4347826086956,446.63157894736844,558.6363636363636,503.52,280.51724137931035,515.1818181818181,616.2380952380952,409.0769230769231,449.4347826086956,342.76190476190476,494.4074074074074,499.4230769230769,553.4545454545455,470.7142857142857,457.44
Std of Carries,341.6091881645218,292.96038394510754,232.35795362913362,430.45707103031776,274.4060214634231,373.3442795305709,325.20382784381366,293.39927488479583,400.50260631154157,401.29084631141706,220.5133006499762,400.1859849005491,441.33636885734956,304.1068132188982,283.02438476488476,245.0424258698695,303.9198096739512,403.3060548096865,381.2139415919481,345.33608888402364,344.63
Median of PrgDist,599.0,762.0,678.0,1674.0,1080.5,945.5,1059.0,956.0,1187.0,775.0,575.0,1565.5,1318.0,1088.5,938.0,849.0,1378.0,979.0,1208.5,1164.0,1017.50
Mean of PrgDist,1051.448275862069,1086.5217391304348,967.0909090909091,1940.32,1038.6153846153845,1293.7857142857142,1363.3478260869565,1099.0526315789473,1490.5,1257.0,752.9655172413793,1400.4545454545455,1677.2857142857142,1178.6153846153845,1248.0434782608695,1062.4761904761904,1352.6296296296296,1410.1538461538462,1555.409090909091,1298.6190476190477,1269.08
Std of PrgDist,1067.0744245769397,887.2656089748803,767.0617352128221,1459.720684469007,722.4724258778642,1407.4780797488625,1229.2970500062831,751.2674825981468,1199.651248925128,1110.7901091865497,605.8089327949755,1061.5292530017039,1201.31312083308,893.4744350868949,850.7779583342248,936.7811173933651,844.4539040180914,1118.1385492793884,1043.422284010919,1089.2998887446226,1050.89
Median of ProgC,10.0,14.0,11.5,33.0,13.0,16.0,19.0,14.0,21.0,10.0,9.0,17.5,21.0,18.0,12.0,13.0,15.0,11.0,22.5,12.0,14.00
Mean of ProgC,19.82758620689655,23.217391304347824,19.09090909090909,39.6,19.96153846153846,24.785714285714285,28.47826086956522,22.105263157894736,30.818181818181817,22.48,14.620689655172415,29.09090909090909,34.23809523809524,23.692307692307693,22.217391304347824,25.523809523809526,26.88888888888889,29.307692307692307,33.59090909090909,24.523809523809526,25.49
Std of ProgC,26.015200179781218,29.057867846668763,19.600556578368337,42.773628947440656,22.102453744742043,29.44216822588428,33.227685013906694,21.822248424848194,34.596499084701456,32.027488193737575,18.01272128465929,31.625651268895922,35.53435627938793,23.028276932101075,25.75224001155333,32.19102211427753,28.29831923975118,37.25884510370039,30.858600855405722,31.18592478606182,29.72
Median of 1/3 (Carries),9.0,10.0,11.0,23.0,8.0,15.0,15.0,16.0,16.0,10.0,6.0,16.0,17.0,13.0,13.0,10.0,17.0,9.5,18.0,9.0,12.00
Mean of 1/3 (Carries),14.758620689655173,14.521739130434783,13.954545454545455,29.48,12.5,17.571428571428573,19.73913043478261,15.631578947368421,21.5,15.4,9.517241379310345,18.0,23.19047619047619,14.846153846153847,17.043478260869566,16.285714285714285,18.40740740740741,16.76923076923077,20.59090909090909,15.19047619047619,17.12
Std of 1/3 (Carries),18.064675815393723,16.13823682274602,10.719262913213642,26.13446000972662,12.143310915891103,18.08094673739832,19.21461894047519,13.63496537222425,22.3814336321106,18.296174463531987,10.712545014591779,16.60751407675224,20.934705748156688,12.904858953719122,20.33912097159642,17.076717650482067,16.81862351282342,18.5586803244362,17.089844076607914,18.24724375794615,17.72
Median of CPA,1.0,2.0,2.0,3.0,2.5,2.0,1.0,1.0,4.0,1.0,1.0,3.5,5.0,2.0,3.0,2.0,4.0,1.0,4.0,1.0,2.00
Mean of CPA,4.931034482758621,6.608695652173913,4.954545454545454,13.84,4.6923076923076925,7.642857142857143,8.91304347826087,5.473684210526316,8.954545454545455,7.48,4.310344827586207,10.363636363636363,13.380952380952381,7.038461538461538,5.391304347826087,7.666666666666667,8.296296296296296,10.653846153846153,11.590909090909092,8.666666666666666,7.96
Std of CPA,7.284675865339116,12.698386191075917,6.958908457970038,21.801528998367676,6.130378329396846,14.032275720807437,15.828377977768746,7.530445029291515,11.077550325415869,15.864320554838352,7.550323778657547,15.42275824427887,25.281369010550417,10.648871373927921,7.9814508275283504,12.013880860626733,11.694228737073075,19.48526070175569,14.191409510549116,16.67433157081067,13.84
Median of Mis,9.0,11.0,12.5,10.0,12.0,10.0,17.0,14.0,14.5,8.0,11.0,16.0,19.0,8.5,15.0,17.0,13.0,6.0,15.0,14.0,12.00
Mean of Mis,13.931034482758621,18.130434782608695,20.272727272727273,16.16,16.653846153846153,17.857142857142858,22.17391304347826,22.263157894736842,20.045454545454547,16.72,15.931034482758621,18.5,22.0,16.5,21.869565217391305,22.857142857142858,16.814814814814813,15.346153846153847,18.772727272727273,21.285714285714285,18.44
Std of Mis,14.389805504698602,18.912007604179767,19.034259384148108,14.570746949510403,15.369950703088955,18.70574141553234,20.13511670940066,20.65548650618081,17.572915503904277,17.77760763807474,20.081852209827158,16.936154620613657,24.130893062628246,20.359273071502333,21.977890435257653,21.87529591636583,17.47093638685741,17.921924690595723,14.745239161237023,23.82255833688493,18.68
Median of Dis,5.0,6.0,10.0,10.0,7.0,7.0,8.0,13.0,7.5,5.0,4.0,7.0,10.0,8.0,10.0,9.0,10.0,5.5,12.5,8.0,7.00
Mean of Dis,10.620689655172415,14.652173913043478,15.318181818181818,13.92,10.923076923076923,11.0,13.434782608695652,15.263157894736842,11.318181818181818,12.52,9.724137931034482,18.045454545454547,14.095238095238095,12.76923076923077,13.521739130434783,12.714285714285714,13.555555555555555,10.307692307692308,15.181818181818182,12.047619047619047,12.89
Std of Dis,13.159498994760533,21.860318336807477,13.439055960454404,13.826062346163495,12.243930992693732,11.84780023339229,16.527734506130546,14.410035489443374,11.527963367132086,14.053825102085197,13.757845947791125,20.362143382190467,15.38474816792515,15.01015041179186,14.311056009626682,11.853872182299153,15.61885776709417,11.241954387985144,12.893838926056208,12.997985191852583,14.35
Median of Rec,336.0,451.0,404.0,630.0,458.5,387.5,406.0,498.0,620.0,563.0,263.0,560.5,551.0,481.5,467.0,461.0,587.0,462.0,517.5,475.0,471.50
Mean of Rec,471.62068965517244,520.9130434782609,432.1363636363636,739.0,463.34615384615387,483.7142857142857,473.8695652173913,518.8421052631579,631.6363636363636,554.4,333.82758620689657,594.0,747.8095238095239,482.0769230769231,519.9565217391304,419.4761904761905,537.8888888888889,613.5,662.8636363636364,545.6190476190476,533.36
Std of Rec,412.8048149803197,363.74627933660753,262.82681160877195,503.8758941115031,313.09997666019615,410.46611780076785,350.875697278554,327.872818018392,436.66654439706167,437.95585774519935,277.4857871476763,468.30006660361727,549.4712566684102,368.6516971968986,338.8892924970778,299.93976379393564,333.06586705165665,513.9312210792413,457.4431315636061,392.17349173426754,403.39
Median of PrgR.1,19.0,24.0,23.0,18.0,19.5,26.5,31.0,10.0,30.0,15.0,14.0,30.5,54.0,23.0,28.0,19.0,30.0,11.5,50.0,27.0,24.00
Mean of PrgR.1,33.89655172413793,45.17391304347826,39.22727272727273,66.12,36.15384615384615,46.92857142857143,56.0,51.36842105263158,59.63636363636363,44.64,26.310344827586206,59.04545454545455,78.80952380952381,43.88461538461539,43.0,43.523809523809526,52.81481481481482,54.23076923076923,72.0909090909091,55.285714285714285,49.64
Std of PrgR.1,36.66678608728127,54.79105117204405,39.18203161822523,74.67391333881822,39.107740725019966,61.071256845576805,69.68891916614473,62.774030835755816,69.83623391262995,65.28519485049169,35.36251389766516,66.31345282801993,104.57371517146126,50.81521577092981,45.439270160592066,54.34852256282506,67.90153336720927,72.45042867633438,73.2366738022037,73.31039684597464,62.21
Median of Fls,12.0,15.0,15.0,10.0,12.5,9.5,15.0,12.0,15.0,10.0,9.0,9.5,15.0,8.5,14.0,12.0,10.0,7.0,14.0,11.0,11.00
Mean of Fls,14.0,16.130434782608695,17.272727272727273,10.0,13.346153846153847,13.821428571428571,19.347826086956523,18.42105263157895,16.636363636363637,13.8,12.862068965517242,15.590909090909092,17.761904761904763,13.423076923076923,19.0,16.0,13.777777777777779,14.653846153846153,16.454545454545453,12.428571428571429,15.07
Std of Fls,12.764347669527472,13.407271933971597,13.431242250747635,7.724420150837645,10.240868352604899,12.147408110766833,17.458024192206064,16.184065515444107,12.863923176096765,11.445523142259598,14.376876617707623,16.36680464758758,15.946487895159743,13.342182960589552,17.0,12.680693987317888,12.388994288770153,15.369950703088954,10.89660179762162,10.107281674967947,13.40
Median of Fld,8.0,12.0,12.5,12.0,11.0,7.5,10.0,18.0,14.0,7.0,8.0,11.0,12.0,10.0,8.0,10.0,10.0,10.0,17.0,10.0,10.00
Mean of Fld,12.862068965517242,15.391304347826088,14.545454545454545,13.04,12.73076923076923,13.035714285714286,14.826086956521738,18.05263157894737,14.272727272727273,12.44,11.586206896551724,18.0,14.761904761904763,16.307692307692307,15.869565217391305,16.714285714285715,15.296296296296296,15.038461538461538,16.045454545454547,14.19047619047619,14.61
Std of Fld,14.57670386495186,16.637141172784524,12.070141328431564,11.058480908334563,10.996572892706864,14.48238302177573,13.12752893008721,14.968387741468598,10.69125952837318,11.277115470426528,11.359443023881404,23.593784492248517,12.988089782199545,16.962946043112275,15.557238443380294,15.611351181569317,14.935282992386789,16.24433629110348,11.315717146758953,13.555880818371957,14.18
Median of Off,0.0,1.0,1.0,0.0,0.5,1.0,0.0,1.0,0.5,1.0,1.0,2.0,1.0,0.5,1.0,1.0,1.0,1.0,1.5,1.0,1.00
Mean of Off,1.4482758620689655,2.782608695652174,3.4545454545454546,1.6,2.1153846153846154,1.2857142857142858,2.652173913043478,3.263157894736842,1.6818181818181819,2.12,1.5517241379310345,2.9545454545454546,2.5714285714285716,1.7307692307692308,2.4782608695652173,3.5714285714285716,1.9259259259259258,2.076923076923077,3.3636363636363638,2.9523809523809526,2.31
Std of Off,2.599260978714523,4.078285309685147,6.261958256976903,2.273030282830976,4.528372096698089,1.7608319342086856,4.848698941254747,5.151505769763481,3.029794329596265,3.0044411571316663,2.8105185959756827,4.336745243539135,4.249369701160733,2.554332669135989,3.301095757711525,5.436648127030373,2.8813181535530403,3.6978164034800534,3.7102875584291,4.477456761111049,3.81
Median of Crs,5.0,11.0,6.5,4.0,9.0,10.0,10.0,13.0,14.5,6.0,6.0,11.0,6.0,5.5,10.0,8.0,10.0,3.0,11.0,13.0,9.00
Mean of Crs,16.82758620689655,21.304347826086957,26.545454545454547,22.0,21.5,21.035714285714285,31.565217391304348,26.63157894736842,34.40909090909091,20.32,14.758620689655173,25.818181818181817,30.238095238095237,20.423076923076923,20.391304347826086,23.238095238095237,24.074074074074073,22.692307692307693,31.181818181818183,27.904761904761905,23.73
Std of Crs,25.586085735243508,26.169786157129398,34.69695646420285,29.732137494637012,26.83616962235855,25.58860009899829,39.505840864998596,31.20756768320393,48.72533230936459,36.26490498172211,29.061087351122236,36.969274711945225,43.21678465816813,34.38159167568957,28.725565316748746,34.92549893974997,39.28781953141156,38.444525468023905,41.23294610085294,42.81810920849351,34.56
Median of Recov,23.0,46.0,53.5,46.0,41.0,38.0,55.0,63.0,54.5,53.0,35.0,48.0,58.0,39.5,43.0,50.0,56.0,36.5,46.5,50.0,44.50
Mean of Recov,43.89655172413793,56.78260869565217,60.18181818181818,50.24,50.23076923076923,50.67857142857143,69.91304347826087,73.3157894736842,63.81818181818182,58.4,42.51724137931034,66.18181818181819,66.71428571428571,46.38461538461539,62.130434782608695,63.142857142857146,53.370370370370374,52.46153846153846,56.54545454545455,67.33333333333333,56.80
Std of Recov,41.676770531921534,46.397449500571724,45.521984603607535,33.875113775946694,36.64129658438161,42.27516000489121,55.65389232771861,51.775211391358724,43.32340878691045,51.45224322936108,35.262911201486766,55.8336273171817,47.20184621086643,35.345242308493994,47.677233320266176,49.07064877733502,39.34966342163566,48.260319741361656,38.479094228433866,53.943797913507474,44.91
Median of Won (Aerial),6.0,10.0,10.0,5.0,11.0,11.5,20.0,16.0,14.0,10.0,7.0,8.0,9.0,9.0,10.0,14.0,8.0,8.0,10.5,12.0,9.50
Mean of Won (Aerial),13.655172413793103,21.73913043478261,24.363636363636363,10.64,17.153846153846153,16.464285714285715,22.304347826086957,22.263157894736842,20.90909090909091,16.24,16.03448275862069,18.40909090909091,17.476190476190474,12.26923076923077,16.82608695652174,22.523809523809526,13.074074074074074,13.538461538461538,19.454545454545453,26.0,17.71
Std of Won (Aerial),20.142839674380152,26.29762760005747,28.466430446012414,13.209466302617983,16.175765348674684,17.493876479663225,20.33455362544861,21.81192870697428,20.96915896514755,16.266734972534184,21.124601025176933,27.01262331173739,25.409878094196056,11.674100195930107,16.425180707219695,24.152886054505053,13.035236051463698,16.13004840471539,19.84637971718741,29.816103031751148,20.57
Median of Lost (Aerial),7.0,18.0,14.5,8.0,14.5,10.5,22.0,21.0,17.5,13.0,11.0,10.0,12.0,9.5,15.0,19.0,11.0,8.0,15.5,14.0,12.00
Mean of Lost (Aerial),11.689655172413794,20.73913043478261,22.136363636363637,11.32,19.0,14.535714285714286,23.608695652173914,28.736842105263158,21.09090909090909,16.68,15.689655172413794,17.863636363636363,15.571428571428571,13.76923076923077,18.391304347826086,22.523809523809526,13.148148148148149,13.384615384615385,18.545454545454547,23.095238095238095,17.67
Std of Lost (Aerial),12.775823843371015,18.53305987419226,22.284514064694502,10.769246336985086,16.899704139422088,14.286699701463188,20.198422824195468,25.293482044157713,19.86120672234022,18.18818297686715,17.088223698283024,19.039546449543618,12.773298041506072,13.831291168383931,19.220583498934825,24.778254675458978,12.66340488817377,14.229762958185699,17.670872651336158,23.08225457338334,17.97
Median of Won% (Aerial),54.5,50.0,50.6,50.0,51.65,53.8,45.9,42.9,47.0,50.95,57.1,50.0,45.0,48.6,40.9,43.8,50.0,42.1,51.15,55.1,50.00
Mean of Won% (Aerial),54.51379310344828,51.43913043478261,48.722727272727276,44.476000000000006,49.73333333333333,51.34444444444445,50.32727272727273,41.01052631578948,45.97727272727272,50.25,53.4,48.42272727272728,50.652380952380945,40.94,46.5,47.54761904761905,50.67037037037038,46.624,48.51818181818181,54.03809523809524,48.91
Std of Won% (Aerial),22.945661341182486,17.025508646264626,18.24223074856753,21.6593951900786,20.247848338004722,19.621050966389163,17.984018879686907,19.227523522771033,20.97106695785051,23.889528359040312,26.599758323284497,23.874890811381974,21.99176252708316,23.31333666952602,24.037073638255325,17.77860003058787,22.98832169761278,25.9946032860669,19.400138349129573,19.428367821061965,21.59
